Rk,Player,Tm,Age,Pos,G,GS,Receiving Tgt,Receiving Rec,Receiving Yds,Receiving Y/R,Receiving TD,Receiving 1D,Receiving Lng,Receiving R/G,Receiving Y/G,Receiving Ctch%,Receiving Y/Tgt,Rushing Att,Rushing Yds,Rushing TD,Rushing 1D,Rushing Lng,Rushing Y/A,Rushing Y/G,Rushing A/G,Total Tch,Y/Tch,Total Yds,RRTD,Fmb,key
1,Josh Jacobs,LVR,24,RB,17,17,64,53,400,7.5,0,16,43,3.1,23.5,82.80%,6.3,340,1653,12,93,86,4.9,97.2,20,393,5.2,2053,12,3,JacoJo01
2,Derrick Henry,TEN,28,RB,16,16,41,33,398,12.1,0,11,69,2.1,24.9,80.50%,9.7,349,1538,13,65,56,4.4,96.1,21.8,382,5.1,1936,13,6,HenrDe00
3,Christian McCaffrey,2TM,26,RB,17,16,108,85,741,8.7,5,36,49,5,43.6,78.70%,6.9,244,1139,8,59,49,4.7,67,14.4,329,5.7,1880,13,1,McCaCh01
4,Justin Jefferson,MIN,23,WR,17,17,184,128,1809,14.1,8,80,64,7.5,106.4,69.60%,9.8,4,24,1,2,10,6,1.4,0.2,132,13.9,1833,9,,JeffJu00
5,Nick Chubb,CLE,27,RB,17,17,37,27,239,8.9,1,12,26,1.6,14.1,73.00%,6.5,302,1525,12,69,41,5,89.7,17.8,329,5.4,1764,13,1,ChubNi00
6,Tyreek Hill,MIA,28,WR,17,17,170,119,1710,14.4,7,77,64,7,100.6,70.00%,10.1,7,32,1,3,10,4.6,1.9,0.4,126,13.8,1742,8,1,HillTy00
7,Saquon Barkley,NYG,25,RB,16,16,76,57,338,5.9,0,10,41,3.6,21.1,75.00%,4.4,295,1312,10,62,68,4.4,82,18.4,352,4.7,1650,10,1,BarkSa00
8,Austin Ekeler,LAC,27,RB,17,17,127,107,722,6.7,5,36,23,6.3,42.5,84.30%,5.7,204,915,13,46,72,4.5,53.8,12,311,5.3,1637,18,5,EkelAu00
9,Aaron Jones,GNB,28,RB,17,17,72,59,395,6.7,5,19,30,3.5,23.2,81.90%,5.5,213,1121,2,54,36,5.3,65.9,12.5,272,5.6,1516,7,5,JoneAa00
10,Davante Adams,LVR,30,WR,17,17,180,100,1516,15.2,14,65,60,5.9,89.2,55.60%,8.4,3,-1,0,0,4,-0.3,-0.1,0.2,103,14.7,1515,14,1,AdamDa01
11,A.J. Brown,PHI,25,WR,17,16,145,88,1496,17,11,59,78,5.2,88,60.70%,10.3,,,0,0,,,,,88,17,1496,11,2,BrowAJ00
12,Dalvin Cook,MIN,27,RB,17,17,56,39,295,7.6,2,16,64,2.3,17.4,69.60%,5.3,264,1173,8,50,81,4.4,69,15.5,303,4.8,1468,10,4,CookDa01
13,Rhamondre Stevenson,NWE,24,RB,17,7,88,69,421,6.1,1,13,40,4.1,24.8,78.40%,4.8,210,1040,5,49,49,5,61.2,12.4,279,5.2,1461,6,4,StevRh00
14,Travis Etienne,JAX,23,RB,17,12,45,35,316,9,0,16,30,2.1,18.6,77.80%,7,220,1125,5,52,62,5.1,66.2,12.9,255,5.7,1441,5,5,EtieTr00
15,Stefon Diggs,BUF,29,WR,16,16,154,108,1429,13.2,11,74,53,6.8,89.3,70.10%,9.3,1,-3,0,0,-3,-3,-0.2,0.1,109,13.1,1426,11,1,DiggSt00
16,CeeDee Lamb,DAL,23,WR,17,17,156,107,1359,12.7,9,67,39,6.3,79.9,68.60%,8.7,10,47,0,3,14,4.7,2.8,0.6,117,12,1406,9,,LambCe00
17,Alvin Kamara,NOR,27,RB,15,13,77,57,490,8.6,2,17,54,3.8,32.7,74.00%,6.4,223,897,2,40,27,4,59.8,14.9,280,5,1387,4,4,KamaAl00
18,Jaylen Waddle,MIA,24,WR,17,17,117,75,1356,18.1,8,60,84,4.4,79.8,64.10%,11.6,3,26,0,0,9,8.7,1.5,0.2,78,17.7,1382,8,1,WaddJa00
19,Tony Pollard,DAL,25,RB,16,4,55,39,371,9.5,3,18,68,2.4,23.2,70.90%,6.7,193,1007,9,46,57,5.2,62.9,12.1,232,5.9,1378,12,,PollTo00
20,Miles Sanders,PHI,25,RB,17,15,26,20,78,3.9,0,2,16,1.2,4.6,76.90%,3,259,1269,11,62,40,4.9,74.6,15.2,279,4.8,1347,11,2,SandMi01
21,Travis Kelce,KAN,33,TE,17,17,152,110,1338,12.2,12,78,52,6.5,78.7,72.40%,8.8,2,5,0,1,4,2.5,0.3,0.1,112,12,1343,12,1,KelcTr00
22,Najee Harris,PIT,24,RB,17,17,53,41,229,5.6,3,16,19,2.4,13.5,77.40%,4.3,272,1034,7,45,36,3.8,60.8,16,313,4,1263,10,3,HarrNa00
23,Amon-Ra St. Brown,DET,23,WR,16,16,146,106,1161,11,6,68,49,6.6,72.6,72.60%,8,9,95,0,3,58,10.6,5.9,0.6,115,10.9,1256,6,,StxxAm00
24,Joe Mixon,CIN,26,RB,14,14,75,60,441,7.4,2,17,35,4.3,31.5,80.00%,5.9,210,814,7,47,40,3.9,58.1,15,270,4.6,1255,9,,MixoJo00
25,Terry McLaurin,WAS,27,WR,17,17,120,77,1191,15.5,5,56,52,4.5,70.1,64.20%,9.9,7,29,0,2,12,4.1,1.7,0.4,84,14.5,1220,5,1,McLaTe00
26,Kenneth Walker III,SEA,22,RB,15,11,35,27,165,6.1,0,6,33,1.8,11,77.10%,4.7,228,1050,9,51,74,4.6,70,15.2,255,4.8,1215,9,,WalkKe00
27,DeVonta Smith,PHI,24,WR,17,17,136,95,1196,12.6,7,57,45,5.6,70.4,69.90%,8.8,,,0,0,,,,,95,12.6,1196,7,1,SmitDe07
28,Leonard Fournette,TAM,27,RB,16,9,83,73,523,7.2,3,26,44,4.6,32.7,88.00%,6.3,189,668,3,39,23,3.5,41.8,11.8,262,4.5,1191,6,,FourLe00
29,Tyler Allgeier,ATL,22,RB,16,7,17,16,139,8.7,1,8,26,1,8.7,94.10%,8.2,210,1035,3,53,44,4.9,64.7,13.1,226,5.2,1174,4,,AllgTy00
30,Amari Cooper,CLE,28,WR,17,17,132,78,1160,14.9,9,61,55,4.6,68.2,59.10%,8.8,,,0,0,,,,,78,14.9,1160,9,,CoopAm00
31,Justin Fields,CHI,23,QB,15,15,,,,,0,0,,,,,,160,1143,8,65,67,7.1,76.2,10.7,160,7.1,1143,8,16,FielJu00
32,Jamaal Williams,DET,27,RB,17,9,16,12,73,6.1,0,4,17,0.7,4.3,75.00%,4.6,262,1066,17,65,58,4.1,62.7,15.4,274,4.2,1139,17,3,WillJa06
33,Mike Evans,TAM,29,WR,15,15,127,77,1124,14.6,6,53,63,5.1,74.9,60.60%,8.9,,,0,0,,,,,77,14.6,1124,6,,EvanMi00
34,Christian Kirk,JAX,26,WR,17,17,133,84,1108,13.2,8,55,49,4.9,65.2,63.20%,8.3,5,11,0,0,5,2.2,0.6,0.3,89,12.6,1119,8,1,KirkCh01
35,David Montgomery,CHI,25,RB,16,16,40,34,316,9.3,1,10,32,2.1,19.8,85.00%,7.9,201,801,5,41,28,4,50.1,12.6,235,4.8,1117,6,2,MontDa01
36,Garrett Wilson,NYJ,22,WR,17,12,147,83,1103,13.3,4,56,60,4.9,64.9,56.50%,7.5,4,4,0,0,7,1,0.2,0.2,87,12.7,1107,4,2,WilsGa00
37,Dameon Pierce,HOU,22,RB,13,13,39,30,165,5.5,1,7,16,2.3,12.7,76.90%,4.2,220,939,4,54,75,4.3,72.2,16.9,250,4.4,1104,5,4,PierDa01
38,Devin Singletary,BUF,25,RB,16,16,52,38,280,7.4,1,15,22,2.4,17.5,73.10%,5.4,177,819,5,43,33,4.6,51.2,11.1,215,5.1,1099,6,3,SingDe00
39,Raheem Mostert,MIA,30,RB,16,14,42,31,202,6.5,2,11,25,1.9,12.6,73.80%,4.8,181,891,3,44,67,4.9,55.7,11.3,212,5.2,1093,5,1,MostRa00
40,James Conner,ARI,27,RB,13,13,58,46,300,6.5,1,13,22,3.5,23.1,79.30%,5.2,183,782,7,48,23,4.3,60.2,14.1,229,4.7,1082,8,3,ConnJa00
41,Ja'Marr Chase,CIN,22,WR,12,12,134,87,1046,12,9,58,60,7.3,87.2,64.90%,7.8,5,8,0,0,6,1.6,0.7,0.4,92,11.5,1054,9,2,ChasJa00
42,D.K. Metcalf,SEA,25,WR,17,17,141,90,1048,11.6,6,47,54,5.3,61.6,63.80%,7.4,,,0,0,,,,,90,11.6,1048,6,2,MetcDK00
43,Jeff Wilson,2TM,27,RB,16,7,37,22,185,8.4,1,7,16,1.4,11.6,59.50%,5,176,860,5,43,41,4.9,53.8,11,198,5.3,1045,6,3,WilsJe01
44,Chris Olave,NOR,22,WR,15,9,119,72,1042,14.5,4,48,53,4.8,69.5,60.50%,8.8,,,0,0,,,,,72,14.5,1042,4,2,OlavCh00
45,Brandon Aiyuk,SFO,24,WR,17,17,114,78,1015,13,8,47,54,4.6,59.7,68.40%,8.9,2,23,0,1,16,11.5,1.4,0.1,80,13,1038,8,1,AiyuBr00
46,Tyler Lockett,SEA,30,WR,16,16,117,84,1033,12.3,9,50,40,5.3,64.6,71.80%,8.8,,,0,0,,,,,84,12.3,1033,9,2,LockTy00
47,Tee Higgins,CIN,23,WR,16,14,109,74,1029,13.9,7,47,59,4.6,64.3,67.90%,9.4,,,0,0,,,,,74,13.9,1029,7,,HiggTe00
48,Chris Godwin,TAM,26,WR,15,13,142,104,1023,9.8,3,53,44,6.9,68.2,73.20%,7.2,3,5,0,0,2,1.7,0.3,0.2,107,9.6,1028,3,2,GodwCh00
49,Jerry Jeudy,DEN,23,WR,15,14,100,67,972,14.5,6,41,67,4.5,64.8,67.00%,9.7,4,40,0,4,14,10,2.7,0.3,71,14.3,1012,6,,JeudJe00
50,Jonathan Taylor,IND,23,RB,11,11,40,28,143,5.1,0,4,19,2.5,13,70.00%,3.6,192,861,4,39,66,4.5,78.3,17.5,220,4.6,1004,4,3,TaylJo02
51,AJ Dillon,GNB,24,RB,17,3,43,28,206,7.4,0,9,17,1.6,12.1,65.10%,4.8,186,770,7,47,27,4.1,45.3,10.9,214,4.6,976,7,1,DillAJ00
52,Ezekiel Elliott,DAL,27,RB,15,14,23,17,92,5.4,0,4,31,1.1,6.1,73.90%,4,231,876,12,52,27,3.8,58.4,15.4,248,3.9,968,12,,ElliEz00
53,Isiah Pacheco,KAN,23,RB,17,11,14,13,130,10,0,7,32,0.8,7.6,92.90%,9.3,170,830,5,37,31,4.9,48.8,10,183,5.2,960,5,4,PachIs00
54,Michael Pittman Jr.,IND,25,WR,16,16,141,99,925,9.3,4,51,28,6.2,57.8,70.20%,6.6,3,30,0,2,19,10,1.9,0.2,102,9.4,955,4,2,PittMi01
55,D.J. Moore,CAR,25,WR,17,17,118,63,888,14.1,7,44,62,3.7,52.2,53.40%,7.5,10,53,0,3,11,5.3,3.1,0.6,73,12.9,941,7,,MoorD.00
56,D'Onta Foreman,CAR,26,RB,17,9,9,5,26,5.2,0,1,23,0.3,1.5,55.60%,2.9,203,914,5,45,60,4.5,53.8,11.9,208,4.5,940,5,1,ForeDO00
57,JuJu Smith-Schuster,KAN,26,WR,16,14,101,78,933,12,3,47,53,4.9,58.3,77.20%,9.2,,,0,0,,,,,78,12,933,3,3,SmitJu00
58,D'Andre Swift,DET,23,RB,14,8,70,48,389,8.1,3,17,25,3.4,27.8,68.60%,5.6,99,542,5,21,50,5.5,38.7,7.1,147,6.3,931,8,1,SwifDA00
59,T.J. Hockenson,2TM,25,TE,17,14,129,86,914,10.6,6,44,81,5.1,53.8,66.70%,7.1,,,0,0,,,,,86,10.6,914,6,1,HockTJ00
60,Diontae Johnson,PIT,26,WR,17,17,147,86,882,10.3,0,45,37,5.1,51.9,58.50%,6,7,25,0,1,8,3.6,1.5,0.4,93,9.8,907,0,1,JohnDi01
61,Cam Akers,LAR,23,RB,15,9,18,13,117,9,0,8,18,0.9,7.8,72.20%,6.5,188,786,7,39,42,4.2,52.4,12.5,201,4.5,903,7,2,AkerCa00
62,Antonio Gibson,WAS,24,RB,15,6,58,46,353,7.7,2,18,26,3.1,23.5,79.30%,6.1,149,546,3,32,20,3.7,36.4,9.9,195,4.6,899,5,1,GibsAn00
63,Mike Williams,LAC,28,WR,13,13,93,63,895,14.2,4,39,55,4.8,68.8,67.70%,9.6,,,0,0,,,,,63,14.2,895,4,,WillMi07
64,Latavius Murray,2TM,32,RB,13,7,35,27,132,4.9,0,4,15,2.1,10.2,77.10%,3.8,171,760,6,44,52,4.4,58.5,13.2,198,4.5,892,6,1,MurrLa00
65,Drake London,ATL,21,WR,17,15,117,72,866,12,4,48,40,4.2,50.9,61.50%,7.4,,,0,0,,,,,72,12,866,4,3,LondDr00
66,Cooper Kupp,LAR,29,WR,9,9,98,75,812,10.8,6,42,75,8.3,90.2,76.50%,8.3,9,52,1,4,20,5.8,5.8,1,84,10.3,864,7,2,KuppCo00
67,Deebo Samuel,SFO,26,WR,13,12,94,56,632,11.3,2,25,57,4.3,48.6,59.60%,6.7,42,232,3,8,51,5.5,17.8,3.2,98,8.8,864,5,3,SamuDe00
68,Brian Robinson Jr.,WAS,23,RB,12,9,12,9,60,6.7,1,3,18,0.8,5,75.00%,5,205,797,2,49,24,3.9,66.4,17.1,214,4,857,3,2,RobiBr01
69,Mark Andrews,BAL,27,TE,15,15,113,73,847,11.6,5,48,36,4.9,56.5,64.60%,7.5,3,8,0,3,4,2.7,0.5,0.2,76,11.3,855,5,1,AndrMa00
70,Curtis Samuel,WAS,26,WR,17,12,92,64,656,10.3,4,36,49,3.8,38.6,69.60%,7.1,38,187,1,11,21,4.9,11,2.2,102,8.3,843,5,1,SamuCu00
71,Zay Jones,JAX,27,WR,16,15,121,82,823,10,5,44,59,5.1,51.4,67.80%,6.8,4,18,0,1,14,4.5,1.1,0.3,86,9.8,841,5,,JoneZa00
72,Donovan Peoples-Jones,CLE,23,WR,17,14,96,61,839,13.8,3,33,42,3.6,49.4,63.50%,8.7,1,2,0,0,2,2,0.1,0.1,62,13.6,841,3,1,PeopDo00
73,Gabriel Davis,BUF,23,WR,15,15,93,48,836,17.4,7,35,98,3.2,55.7,51.60%,9,,,0,0,,,,,48,17.4,836,7,1,DaviGa01
74,Courtland Sutton,DEN,27,WR,15,15,109,64,829,13,2,38,51,4.3,55.3,58.70%,7.6,1,5,0,0,5,5,0.3,0.1,65,12.8,834,2,,SuttCo00
75,George Pickens,PIT,21,WR,17,12,84,52,801,15.4,4,38,42,3.1,47.1,61.90%,9.5,3,24,1,2,22,8,1.4,0.2,55,15,825,5,,PickGe00
76,Cordarrelle Patterson,ATL,31,RB,13,11,31,21,122,5.8,0,6,16,1.6,9.4,67.70%,3.9,144,695,8,39,40,4.8,53.5,11.1,165,5,817,8,1,PattCo00
77,Jerick McKinnon,KAN,30,RB,17,0,71,56,512,9.1,9,28,56,3.3,30.1,78.90%,7.2,72,291,1,12,30,4,17.1,4.2,128,6.3,803,10,1,McKiJe00
78,Jakobi Meyers,NWE,26,WR,14,13,96,67,804,12,6,38,48,4.8,57.4,69.80%,8.4,2,-11,0,2,7,-5.5,-0.8,0.1,69,11.5,793,6,2,MeyeJa01
79,Khalil Herbert,CHI,24,RB,13,1,12,9,57,6.3,1,2,25,0.7,4.4,75.00%,4.8,129,731,4,26,63,5.7,56.2,9.9,138,5.7,788,5,,HerbKh00
80,Allen Lazard,GNB,27,WR,15,15,100,60,788,13.1,6,45,47,4,52.5,60.00%,7.9,2,0,0,0,1,0,0,0.1,62,12.7,788,6,,LazaAl00
81,Evan Engram,JAX,28,TE,17,14,98,73,766,10.5,4,33,36,4.3,45.1,74.50%,7.8,2,13,0,1,13,6.5,0.8,0.1,75,10.4,779,4,,EngrEv00
82,Josh Palmer,LAC,24,WR,16,11,107,72,769,10.7,3,39,50,4.5,48.1,67.30%,7.2,1,4,0,1,4,4,0.3,0.1,73,10.6,773,3,1,PalmJo00
83,Rachaad White,TAM,23,RB,17,8,58,50,290,5.8,2,13,20,2.9,17.1,86.20%,5,129,481,1,27,35,3.7,28.3,7.6,179,4.3,771,3,3,WhitRa01
84,George Kittle,SFO,29,TE,15,15,86,60,765,12.8,11,36,54,4,51,69.80%,8.9,,,0,0,,,,,60,12.8,765,11,1,KittGe00
85,Lamar Jackson,BAL,25,QB,12,12,,,,,0,0,,,,,,112,764,3,47,79,6.8,63.7,9.3,112,6.8,764,3,5,JackLa00
86,Josh Allen,BUF,26,QB,16,16,,,,,0,0,,,,,,124,762,7,55,44,6.1,47.6,7.8,124,6.1,762,7,13,AlleJo02
87,Tyler Boyd,CIN,28,WR,16,14,82,58,762,13.1,5,42,60,3.6,47.6,70.70%,9.3,,,0,0,,,,,58,13.1,762,5,,BoydTy00
88,Keenan Allen,LAC,30,WR,10,10,89,66,752,11.4,4,39,46,6.6,75.2,74.20%,8.4,1,8,0,1,8,8,0.8,0.1,67,11.3,760,4,1,AlleKe00
89,Jalen Hurts,PHI,24,QB,15,15,,,,,0,0,,,,,,165,760,13,67,42,4.6,50.7,11,165,4.6,760,13,9,HurtJa00
90,Pat Freiermuth,PIT,24,TE,16,8,98,63,732,11.6,2,37,57,3.9,45.8,64.30%,7.5,,,0,0,,,,,63,11.6,732,2,,FreiPa00
91,Mack Hollins,LVR,29,WR,17,16,94,57,690,12.1,4,34,60,3.4,40.6,60.60%,7.3,4,40,0,2,17,10,2.4,0.2,61,12,730,4,,HollMa00
92,Darius Slayton,NYG,25,WR,16,11,71,46,724,15.7,2,30,55,2.9,45.3,64.80%,10.2,,,0,0,,,,,46,15.7,724,2,2,SlayDa01
93,Adam Thielen,MIN,32,WR,17,17,107,70,716,10.2,6,45,36,4.1,42.1,65.40%,6.7,1,4,0,0,4,4,0.2,0.1,71,10.1,720,6,,ThieAd00
94,DeAndre Hopkins,ARI,30,WR,9,9,96,64,717,11.2,3,35,33,7.1,79.7,66.70%,7.5,,,0,0,,,,,64,11.2,717,3,2,HopkDe00
95,Marquise Brown,ARI,25,WR,12,10,107,67,709,10.6,3,33,47,5.6,59.1,62.60%,6.6,1,1,0,0,1,1,0.1,0.1,68,10.4,710,3,1,BrowMa04
96,Daniel Jones,NYG,25,QB,16,16,,,,,0,0,,,,,,120,708,7,57,25,5.9,44.3,7.5,120,5.9,708,7,6,JoneDa05
97,Brandin Cooks,HOU,29,WR,13,13,93,57,699,12.3,3,29,44,4.4,53.8,61.30%,7.5,2,7,0,0,5,3.5,0.5,0.2,59,12,706,3,,CookBr00
98,Dallas Goedert,PHI,27,TE,12,12,69,55,702,12.8,3,40,31,4.6,58.5,79.70%,10.2,,,0,0,,,,,55,12.8,702,3,1,GoedDa00
99,Christian Watson,GNB,23,WR,14,11,66,41,611,14.9,7,28,63,2.9,43.6,62.10%,9.3,7,80,2,2,46,11.4,5.7,0.5,48,14.4,691,9,,WatsCh00
100,Michael Carter,NYJ,23,RB,16,10,54,41,288,7,0,12,37,2.6,18,75.90%,5.3,114,402,3,14,25,3.5,25.1,7.1,155,4.5,690,3,2,CartMi03
101,James Cook,BUF,23,RB,16,0,32,21,180,8.6,1,5,41,1.3,11.3,65.60%,5.6,89,507,2,25,33,5.7,31.7,5.6,110,6.2,687,3,1,CookJa01
102,Marquez Valdes-Scantling,KAN,28,WR,17,11,81,42,687,16.4,2,32,57,2.5,40.4,51.90%,8.5,1,-3,0,0,-3,-3,-0.2,0.1,43,15.9,684,2,,ValdMa00
103,Parris Campbell,IND,25,WR,17,16,91,63,623,9.9,3,32,49,3.7,36.6,69.20%,6.8,5,58,0,2,28,11.6,3.4,0.3,68,10,681,3,1,CampPa00
104,Breece Hall,NYJ,21,RB,7,2,31,19,218,11.5,1,8,79,2.7,31.1,61.30%,7,80,463,4,20,62,5.8,66.1,11.4,99,6.9,681,5,1,HallBr03
105,Samaje Perine,CIN,27,RB,16,2,51,38,287,7.6,4,11,32,2.4,17.9,74.50%,5.6,95,394,2,19,29,4.1,24.6,5.9,133,5.1,681,6,,PeriSa00
106,Kareem Hunt,CLE,27,RB,17,0,44,35,210,6,1,11,24,2.1,12.4,79.50%,4.8,123,468,3,30,24,3.8,27.5,7.2,158,4.3,678,4,1,HuntKa00
107,K.J. Osborn,MIN,25,WR,17,9,90,60,650,10.8,5,32,66,3.5,38.2,66.70%,7.2,3,6,0,2,5,2,0.4,0.2,63,10.4,656,5,1,OsboKJ00
108,Taysom Hill,NOR,32,TE,16,8,13,9,77,8.6,2,5,30,0.6,4.8,69.20%,5.9,96,575,7,34,60,6,35.9,6,105,6.2,652,9,2,HillTa00
109,Kalif Raymond,DET,28,WR,17,7,64,47,616,13.1,0,24,56,2.8,36.2,73.40%,9.6,7,36,0,4,12,5.1,2.1,0.4,54,12.1,652,0,3,RaymKa00
110,Chuba Hubbard,CAR,23,RB,15,2,17,14,171,12.2,0,5,45,0.9,11.4,82.40%,10.1,95,466,2,23,35,4.9,31.1,6.3,109,5.8,637,2,2,HubbCh01
111,Tyler Higbee,LAR,29,TE,17,17,108,72,620,8.6,3,32,26,4.2,36.5,66.70%,5.7,,,0,0,,,,,72,8.6,620,3,,HigbTy00
112,David Njoku,CLE,26,TE,14,14,80,58,628,10.8,4,36,38,4.1,44.9,72.50%,7.9,2,-8,0,0,-2,-4,-0.6,0.1,60,10.3,620,4,1,NjokDa00
113,Alec Pierce,IND,22,WR,16,12,78,41,593,14.5,2,28,47,2.6,37.1,52.60%,7.6,,,0,0,,,,,41,14.5,593,2,1,PierAl00
114,Jaylen Warren,PIT,24,RB,16,0,33,28,214,7.6,0,14,26,1.8,13.4,84.80%,6.5,77,379,1,20,31,4.9,23.7,4.8,105,5.6,593,1,1,WarrJa01
115,Dalton Schultz,DAL,26,TE,15,15,89,57,577,10.1,5,27,30,3.8,38.5,64.00%,6.5,,,0,0,,,,,57,10.1,577,5,1,SchuDa00
116,Richie James,NYG,27,WR,17,4,70,57,569,10,4,29,33,3.4,33.5,81.40%,8.1,2,6,0,0,4,3,0.4,0.1,59,9.7,575,4,3,JameRi00
117,Kenyan Drake,BAL,28,RB,12,5,26,17,89,5.2,1,7,15,1.4,7.4,65.40%,3.4,109,482,4,21,40,4.4,40.2,9.1,126,4.5,571,5,1,DrakKe00
118,J.K. Dobbins,BAL,24,RB,8,8,8,7,42,6,1,3,20,0.9,5.3,87.50%,5.3,92,520,2,26,44,5.7,65,11.5,99,5.7,562,3,,DobbJK00
119,Damien Harris,NWE,25,RB,11,9,23,17,97,5.7,0,4,15,1.5,8.8,73.90%,4.2,106,462,3,23,30,4.4,42,9.6,123,4.5,559,3,,HarrDa06
120,Noah Brown,DAL,26,WR,16,13,74,43,555,12.9,3,25,51,2.7,34.7,58.10%,7.5,,,0,0,,,,,43,12.9,555,3,1,BrowNo00
121,Tyler Conklin,NYJ,27,TE,17,16,87,58,552,9.5,3,25,30,3.4,32.5,66.70%,6.3,2,3,0,2,2,1.5,0.2,0.1,60,9.3,555,3,2,ConkTy00
122,Gerald Everett,LAC,28,TE,16,11,87,58,555,9.6,4,29,26,3.6,34.7,66.70%,6.4,1,0,0,0,0,0,0,0.1,59,9.4,555,4,,EverGe00
123,Cole Kmet,CHI,23,TE,17,17,69,50,544,10.9,7,27,50,2.9,32,72.50%,7.9,2,9,0,1,8,4.5,0.5,0.1,52,10.6,553,7,1,KmetCo00
124,Chris Moore,HOU,29,WR,16,7,74,48,548,11.4,2,24,52,3,34.3,64.90%,7.4,3,3,0,0,3,1,0.2,0.2,51,10.8,551,2,,MoorCh00
125,Rashid Shaheed,NOR,24,WR,12,6,34,28,488,17.4,2,18,68,2.3,40.7,82.40%,14.4,4,57,1,2,44,14.3,4.8,0.3,32,17,545,3,1,ShahRa00
126,Melvin Gordon,DEN,29,RB,10,6,32,25,223,8.9,0,11,24,2.5,22.3,78.10%,7,90,318,2,15,17,3.5,31.8,9,115,4.7,541,2,5,GordMe00
127,Olamide Zaccheaus,ATL,25,WR,17,13,61,40,533,13.3,3,25,45,2.4,31.4,65.60%,8.7,2,7,0,1,13,3.5,0.4,0.1,42,12.9,540,3,1,ZaccOl01
128,DeVante Parker,NWE,29,WR,13,11,47,31,539,17.4,3,25,43,2.4,41.5,66.00%,11.5,,,0,0,,,,,31,17.4,539,3,,ParkDe01
129,Corey Davis,NYJ,27,WR,13,10,64,32,536,16.8,2,28,66,2.5,41.2,50.00%,8.4,,,0,0,,,,,32,16.8,536,2,,DaviCo03
130,Marvin Jones,JAX,32,WR,16,10,81,46,529,11.5,3,29,37,2.9,33.1,56.80%,6.5,,,0,0,,,,,46,11.5,529,3,,JoneMa02
131,Robert Woods,TEN,30,WR,17,15,91,53,527,9.9,2,31,41,3.1,31,58.20%,5.8,,,0,0,,,,,53,9.9,527,2,1,WoodRo02
132,DeAndre Carter,LAC,29,WR,17,7,65,46,538,11.7,3,29,35,2.7,31.6,70.80%,8.3,2,-15,0,0,-5,-7.5,-0.9,0.1,48,10.9,523,3,3,CartDe02
133,Dawson Knox,BUF,26,TE,15,15,65,48,517,10.8,6,25,45,3.2,34.5,73.80%,8,,,0,0,,,,,48,10.8,517,6,,KnoxDa00
134,Jahan Dotson,WAS,22,WR,12,10,61,35,523,14.9,7,26,61,2.9,43.6,57.40%,8.6,2,-7,0,0,3,-3.5,-0.6,0.2,37,13.9,516,7,,DotsJa00
135,Greg Dortch,ARI,24,WR,16,4,64,52,467,9,2,19,47,3.3,29.2,81.30%,7.3,7,44,0,3,20,6.3,2.8,0.4,59,8.7,511,2,1,DortGr01
136,Chase Claypool,2TM,24,WR,15,11,79,46,451,9.8,1,24,31,3.1,30.1,58.20%,5.7,9,59,0,3,15,6.6,3.9,0.6,55,9.3,510,1,1,ClayCh01
137,Hunter Henry,NWE,28,TE,17,14,59,41,509,12.4,2,23,39,2.4,29.9,69.50%,8.6,,,0,0,,,,,41,12.4,509,2,,HenrHu00
138,Juwan Johnson,NOR,26,TE,16,12,65,42,508,12.1,7,25,41,2.6,31.8,64.60%,7.8,,,0,0,,,,,42,12.1,508,7,,JohnJu02
139,Eno Benjamin,3TM,23,,15,3,34,25,193,7.7,0,10,22,1.7,12.9,73.50%,5.7,77,313,2,14,45,4.1,20.9,5.1,102,5,506,2,,BenjEn00
140,DJ Chark,DET,26,WR,11,10,52,30,502,16.7,3,24,51,2.7,45.6,57.70%,9.7,,,0,0,,,,,30,16.7,502,3,,CharDJ00
141,Jordan Akins,HOU,30,TE,15,3,54,37,495,13.4,5,23,46,2.5,33,68.50%,9.2,,,0,0,,,,,37,13.4,495,5,1,AkinJo00
142,Darnell Mooney,CHI,25,WR,12,12,61,40,493,12.3,2,20,56,3.3,41.1,65.60%,8.1,1,2,0,0,2,2,0.2,0.1,41,12.1,495,2,,MoonDa00
143,Zack Moss,2TM,25,RB,13,3,13,11,39,3.5,0,2,8,0.8,3,84.60%,3,93,456,1,18,43,4.9,35.1,7.2,104,4.8,495,1,1,MossZa00
144,Treylon Burks,TEN,22,WR,11,6,54,33,444,13.5,1,19,51,3,40.4,61.10%,8.2,4,47,0,3,20,11.8,4.3,0.4,37,13.3,491,1,,BurkTr00
145,Devin Duvernay,BAL,25,WR,14,13,49,37,407,11,3,19,31,2.6,29.1,75.50%,8.3,12,84,1,7,18,7,6,0.9,49,10,491,4,1,DuveDe00
146,Terrace Marshall Jr.,CAR,22,WR,14,9,47,28,490,17.5,1,24,43,2,35,59.60%,10.4,,,0,0,,,,,28,17.5,490,1,2,MarsTe00
147,Noah Fant,SEA,25,TE,17,16,63,50,486,9.7,4,24,51,2.9,28.6,79.40%,7.7,,,0,0,,,,,50,9.7,486,4,,FantNo00
148,Nico Collins,HOU,23,WR,10,7,66,37,481,13,2,21,58,3.7,48.1,56.10%,7.3,,,0,0,,,,,37,13,481,2,,CollNi00
149,Josh Reynolds,DET,27,WR,14,11,59,38,479,12.6,3,25,31,2.7,34.2,64.40%,8.1,,,0,0,,,,,38,12.6,479,3,,ReynJo00
150,Isaiah McKenzie,BUF,27,WR,15,8,65,42,423,10.1,4,27,30,2.8,28.2,64.60%,6.5,9,55,1,3,18,6.1,3.7,0.6,51,9.4,478,5,,McKeIs00
151,James Robinson,2TM,24,RB,11,5,14,11,51,4.6,2,5,10,1,4.6,78.60%,3.6,110,425,3,22,50,3.9,38.6,10,121,3.9,476,5,1,RobiJa00
152,Kendrick Bourne,NWE,27,WR,16,2,48,35,434,12.4,1,22,41,2.2,27.1,72.90%,9,6,39,0,2,29,6.5,2.4,0.4,41,11.5,473,1,2,BourKe00
153,Robert Tonyan,GNB,28,TE,17,3,67,53,470,8.9,2,20,24,3.1,27.6,79.10%,7,,,0,0,,,,,53,8.9,470,2,,TonyRo00
154,Demarcus Robinson,BAL,28,WR,17,5,75,48,458,9.5,2,23,31,2.8,26.9,64.00%,6.1,,,0,0,,,,,48,9.5,458,2,2,RobiDe01
155,Clyde Edwards-Helaire,KAN,23,RB,10,6,23,17,151,8.9,3,11,25,1.7,15.1,73.90%,6.6,71,302,3,15,52,4.3,30.2,7.1,88,5.1,453,6,,EdwaCl00
156,Chigoziem Okonkwo,TEN,23,TE,17,8,46,32,450,14.1,3,22,48,1.9,26.5,69.60%,9.8,3,2,0,0,6,0.7,0.1,0.2,35,12.9,452,3,,OkonCh00
157,Elijah Moore,NYJ,22,WR,16,9,65,37,446,12.1,1,22,42,2.3,27.9,56.90%,6.9,5,5,0,2,10,1,0.3,0.3,42,10.7,451,1,1,MoorEl00
158,Deon Jackson,IND,23,RB,16,2,34,30,209,7,1,10,27,1.9,13.1,88.20%,6.1,68,236,1,13,17,3.5,14.8,4.3,98,4.5,445,2,1,JackDe02
159,Austin Hooper,TEN,28,TE,17,2,60,41,444,10.8,2,28,24,2.4,26.1,68.30%,7.4,,,0,0,,,,,41,10.8,444,2,,HoopAu00
160,Marcus Mariota,ATL,29,QB,13,13,,,,,0,0,,,,,,85,438,4,30,30,5.2,33.7,6.5,85,5.2,438,4,8,MariMa01
161,Romeo Doubs,GNB,22,WR,13,7,67,42,425,10.1,3,20,26,3.2,32.7,62.70%,6.3,1,11,0,1,11,11,0.8,0.1,43,10.1,436,3,2,DoubRo00
162,Gus Edwards,BAL,27,RB,9,4,2,0,0,,0,0,0,0,0,0.00%,0,87,433,3,30,37,5,48.1,9.7,87,5,433,3,1,EdwaGu00
163,Russell Gage,TAM,26,WR,13,4,70,51,426,8.4,5,31,23,3.9,32.8,72.90%,6.1,,,0,0,,,,,51,8.4,426,5,1,GageRu00
164,Michael Gallup,DAL,26,WR,14,11,74,39,424,10.9,4,25,27,2.8,30.3,52.70%,5.7,,,0,0,,,,,39,10.9,424,4,,GallMi00
165,Foster Moreau,LVR,25,TE,15,14,54,33,420,12.7,2,24,33,2.2,28,61.10%,7.8,0,2,0,0,,,0.1,0,33,12.8,422,2,1,MoreFo00
166,Kyler Murray,ARI,25,QB,11,11,,,,,0,0,,,,,,67,418,3,23,42,6.2,38,6.1,67,6.2,418,3,8,MurrKy00
167,Randall Cobb,GNB,32,WR,13,3,50,34,417,12.3,1,19,40,2.6,32.1,68.00%,8.3,,,0,0,,,,,34,12.3,417,1,1,CobbRa00
168,Trent Sherfield,MIA,26,WR,17,4,51,30,417,13.9,2,18,75,1.8,24.5,58.80%,8.2,,,0,0,,,,,30,13.9,417,2,,SherTr00
169,Jauan Jennings,SFO,25,WR,16,4,56,35,416,11.9,1,23,44,2.2,26,62.50%,7.4,,,0,0,,,,,35,11.9,416,1,1,JennJa00
170,Hayden Hurst,CIN,29,TE,13,13,68,52,414,8,2,26,29,4,31.8,76.50%,6.1,,,0,0,,,,,52,8,414,2,,HursHa00
171,Greg Dulcich,DEN,22,TE,10,6,55,33,411,12.5,2,18,39,3.3,41.1,60.00%,7.5,,,0,0,,,,,33,12.5,411,2,,DulcGr00
172,Kenneth Gainwell,PHI,23,RB,17,0,29,23,169,7.3,0,7,20,1.4,9.9,79.30%,5.8,53,240,4,17,13,4.5,14.1,3.1,76,5.4,409,4,,GainKe00
173,Rondale Moore,ARI,22,WR,8,8,56,41,414,10.1,1,16,38,5.1,51.8,73.20%,7.4,6,-5,0,1,9,-0.8,-0.6,0.8,47,8.7,409,1,,MoorRo02
174,Zach Ertz,ARI,32,TE,10,10,69,47,406,8.6,4,24,32,4.7,40.6,68.10%,5.9,,,0,0,,,,,47,8.6,406,4,,ErtzZa00
175,Chase Edmonds,2TM,26,RB,13,3,24,16,157,9.8,1,7,27,1.2,12.1,66.70%,6.5,68,245,2,8,28,3.6,18.8,5.2,84,4.8,402,3,,EdmoCh00
176,Zonovan Knight,NYJ,21,RB,7,4,14,13,100,7.7,0,5,16,1.9,14.3,92.90%,7.1,85,300,1,14,48,3.5,42.9,12.1,98,4.1,400,1,2,KnigZo00
177,Nick Westbrook-Ikhine,TEN,25,WR,17,13,50,25,397,15.9,3,18,63,1.5,23.4,50.00%,7.9,,,0,0,,,,,25,15.9,397,3,,WestNi00
178,Ben Skowronek,LAR,25,WR,14,11,61,39,376,9.6,0,16,32,2.8,26.9,63.90%,6.2,1,17,1,1,17,17,1.2,0.1,40,9.8,393,1,,SkowBe00
179,Marquise Goodwin,SEA,32,WR,13,2,42,27,387,14.3,4,18,38,2.1,29.8,64.30%,9.2,2,5,0,0,7,2.5,0.4,0.2,29,13.5,392,4,,GoodMa00
180,Isaiah Hodgins,2TM,24,WR,10,5,48,37,392,10.6,4,24,29,3.7,39.2,77.10%,8.2,,,0,0,,,,,37,10.6,392,4,1,HodgIs00
181,Cade Otton,TAM,23,TE,16,11,65,42,391,9.3,2,19,35,2.6,24.4,64.60%,6,,,0,0,,,,,42,9.3,391,2,,OttoCa00
182,Joshua Kelley,LAC,25,RB,13,1,25,14,101,7.2,0,4,22,1.1,7.8,56.00%,4,69,287,2,16,22,4.2,22.1,5.3,83,4.7,388,2,,KellJo01
183,Darren Waller,LVR,30,TE,9,6,43,28,388,13.9,3,18,34,3.1,43.1,65.10%,9,,,0,0,,,,,28,13.9,388,3,,WallDa01
184,Darrell Henderson,LAR,25,RB,10,7,22,17,102,6,0,5,15,1.7,10.2,77.30%,4.6,70,283,3,14,23,4,28.3,7,87,4.4,385,3,,HendDa00
185,Equanimeous St. Brown,CHI,26,WR,16,16,38,21,323,15.4,1,14,56,1.3,20.2,55.30%,8.5,6,54,0,2,41,9,3.4,0.4,27,14,377,1,1,St.BEq00
186,Alexander Mattison,MIN,24,RB,17,0,18,15,91,6.1,1,4,16,0.9,5.4,83.30%,5.1,74,283,5,21,15,3.8,16.6,4.4,89,4.2,374,6,,MattAl01
187,Isaiah Likely,BAL,22,TE,16,2,60,36,373,10.4,3,18,34,2.3,23.3,60.00%,6.2,,,0,0,,,,,36,10.4,373,3,,LikeIs00
188,Caleb Huntley,ATL,24,RB,12,0,2,2,3,1.5,0,0,2,0.2,0.3,100.00%,1.5,76,366,1,18,30,4.8,30.5,6.3,78,4.7,369,1,1,HuntCa02
189,Van Jefferson,LAR,26,WR,11,9,44,24,369,15.4,3,20,39,2.2,33.5,54.50%,8.4,,,0,0,,,,,24,15.4,369,3,,JeffVa00
190,Geno Smith,SEA,32,QB,17,17,,,,,0,0,,,,,,68,366,1,24,25,5.4,21.5,4,68,5.4,366,1,8,SmitGe00
191,Patrick Mahomes,KAN,27,QB,17,17,1,1,6,6,0,0,6,0.1,0.4,100.00%,6,61,358,4,25,20,5.9,21.1,3.6,62,5.9,364,4,5,MahoPa00
192,Nelson Agholor,NWE,29,WR,16,7,53,31,362,11.7,2,12,44,1.9,22.6,58.50%,6.8,,,0,0,,,,,31,11.7,362,2,2,AghoNe00
193,Mike Gesicki,MIA,27,TE,17,1,52,32,362,11.3,5,19,32,1.9,21.3,61.50%,7,,,0,0,,,,,32,11.3,362,5,,GesiMi00
194,Rashaad Penny,SEA,26,RB,5,5,5,4,16,4,0,2,6,0.8,3.2,80.00%,3.2,57,346,2,15,41,6.1,69.2,11.4,61,5.9,362,2,1,PennRa00
195,Kyle Pitts,ATL,22,TE,10,10,59,28,356,12.7,2,20,33,2.8,35.6,47.50%,6,,,0,0,,,,,28,12.7,356,2,,PittKy00
196,Quez Watkins,PHI,24,WR,17,8,51,33,354,10.7,3,13,53,1.9,20.8,64.70%,6.9,3,1,0,0,4,0.3,0.1,0.2,36,9.9,355,3,1,WatkQu00
197,Will Dissly,SEA,26,TE,15,15,38,34,349,10.3,3,20,38,2.3,23.3,89.50%,9.2,,,0,0,,,,,34,10.3,349,3,,DissWi00
198,Julio Jones,TAM,33,WR,10,5,43,24,299,12.5,2,13,48,2.4,29.9,55.80%,7,5,45,0,4,15,9,4.5,0.5,29,11.9,344,2,,JoneJu02
199,Allen Robinson,LAR,29,WR,10,10,52,33,339,10.3,3,23,29,3.3,33.9,63.50%,6.5,,,0,0,,,,,33,10.3,339,3,,RobiAl02
200,Matt Breida,NYG,27,RB,17,1,25,20,118,5.9,0,5,16,1.2,6.9,80.00%,4.7,54,220,1,13,18,4.1,12.9,3.2,74,4.6,338,1,,BreiMa00
201,Laviska Shenault Jr.,CAR,24,WR,13,4,32,27,272,10.1,1,10,67,2.1,20.9,84.40%,8.5,9,65,1,1,41,7.2,5,0.7,36,9.4,337,2,,ShenLa00
202,Tutu Atwell,LAR,23,WR,13,4,35,18,298,16.6,1,11,62,1.4,22.9,51.40%,8.5,9,34,1,2,11,3.8,2.6,0.7,27,12.3,332,2,,AtweTu00
203,Hunter Renfrow,LVR,27,WR,10,1,50,36,330,9.2,2,18,27,3.6,33,72.00%,6.6,,,0,0,,,,,36,9.2,330,2,3,RenfHu00
204,Mecole Hardman,KAN,24,WR,8,5,34,25,297,11.9,4,14,36,3.1,37.1,73.50%,8.7,4,31,2,3,25,7.8,3.9,0.5,29,11.3,328,6,1,HardMe00
205,Sammy Watkins,2TM,29,,12,5,27,16,325,20.3,0,11,55,1.3,27.1,59.30%,12,,,0,0,,,,,16,20.3,325,0,1,WatkSa00
206,Kendall Hinton,DEN,25,WR,12,5,33,24,311,13,0,14,35,2,25.9,72.70%,9.4,2,13,0,1,13,6.5,1.1,0.2,26,12.5,324,0,,HintKe00
207,Logan Thomas,WAS,31,TE,14,13,61,39,323,8.3,1,15,27,2.8,23.1,63.90%,5.3,,,0,0,,,,,39,8.3,323,1,,ThomLo00
208,Dontrell Hilliard,TEN,27,RB,12,1,26,21,177,8.4,4,8,31,1.8,14.8,80.80%,6.8,22,145,0,4,30,6.6,12.1,1.8,43,7.5,322,4,,HillDo00
209,Colby Parkinson,SEA,23,TE,17,2,34,25,322,12.9,2,14,39,1.5,18.9,73.50%,9.5,,,0,0,,,,,25,12.9,322,2,,ParkCo02
210,Ray-Ray McCloud,SFO,26,WR,17,2,25,14,243,17.4,1,11,42,0.8,14.3,56.00%,9.7,4,78,1,1,71,19.5,4.6,0.2,18,17.8,321,2,2,McClRa00
211,Jamycal Hasty,JAX,26,RB,17,0,26,20,126,6.3,1,7,28,1.2,7.4,76.90%,4.8,46,194,2,7,61,4.2,11.4,2.7,66,4.8,320,3,,HastJa02
212,Justice Hill,BAL,25,RB,15,0,12,12,58,4.8,0,2,15,0.8,3.9,100.00%,4.8,49,262,0,15,34,5.3,17.5,3.3,61,5.2,320,0,2,HillJu00
213,Justin Watson,KAN,26,WR,17,5,34,15,315,21,2,12,67,0.9,18.5,44.10%,9.3,,,0,0,,,,,15,21,315,2,,WatsJu01
214,DeeJay Dallas,SEA,24,RB,15,0,19,17,126,7.4,0,5,41,1.1,8.4,89.50%,6.6,35,186,0,9,27,5.3,12.4,2.3,52,6,312,0,1,DallDe00
215,Jelani Woods,IND,24,TE,15,2,40,25,312,12.5,3,16,36,1.7,20.8,62.50%,7.8,,,0,0,,,,,25,12.5,312,3,1,WoodJe01
216,Kylen Granson,IND,24,TE,13,4,40,31,302,9.7,0,17,32,2.4,23.2,77.50%,7.6,1,0,0,0,0,0,0,0.1,32,9.4,302,0,1,GranKy00
217,Mark Ingram,NOR,33,RB,10,3,18,16,68,4.3,0,2,11,1.6,6.8,88.90%,3.8,62,233,1,12,14,3.8,23.3,6.2,78,3.9,301,1,2,IngrMa01
218,Noah Gray,KAN,23,TE,17,8,34,28,299,10.7,1,14,27,1.6,17.6,82.40%,8.8,1,1,1,1,1,1,0.1,0.1,29,10.3,300,2,,GrayNo00
219,Shi Smith,CAR,24,WR,17,6,41,22,296,13.5,2,14,38,1.3,17.4,53.70%,7.2,,,0,0,,,,,22,13.5,296,2,4,SmitSh03
220,Trevor Lawrence,JAX,23,QB,17,17,,,,,0,0,,,,,,62,291,5,27,24,4.7,17.1,3.6,62,4.7,291,5,12,LawrTr00
221,Elijah Mitchell,SFO,24,RB,5,1,4,3,7,2.3,0,0,5,0.6,1.4,75.00%,1.8,45,279,2,15,37,6.2,55.8,9,48,6,286,2,,MitcEl00
222,Rashod Bateman,BAL,23,WR,6,5,28,15,285,19,2,7,75,2.5,47.5,53.60%,10.2,,,0,0,,,,,15,19,285,2,1,BateRa00
223,Rex Burkhead,HOU,32,RB,16,0,51,37,204,5.5,1,8,17,2.3,12.8,72.50%,4,26,80,0,4,9,3.1,5,1.6,63,4.5,284,1,,BurkRe00
224,Chosen Anderson,2TM,29,WR,16,7,44,20,282,14.1,1,10,75,1.3,17.6,45.50%,6.4,,,0,0,,,,,20,14.1,282,1,1,AndeRo04
225,Dante Pettis,CHI,27,WR,17,7,41,19,245,12.9,3,9,51,1.1,14.4,46.30%,6,2,37,0,2,29,18.5,2.2,0.1,21,13.4,282,3,1,PettDa00
226,Javonte Williams,DEN,22,RB,4,4,22,16,76,4.8,0,4,13,4,19,72.70%,3.5,47,204,0,9,17,4.3,51,11.8,63,4.4,280,0,1,WillJa10
227,Tre'Quan Smith,NOR,26,WR,15,6,27,19,278,14.6,1,14,48,1.3,18.5,70.40%,10.3,,,0,0,,,,,19,14.6,278,1,,SmitTr03
228,Russell Wilson,DEN,34,QB,15,15,1,1,1,1,0,0,1,0.1,0.1,100.00%,1,55,277,3,21,19,5,18.5,3.7,56,5,278,3,6,WilsRu00
229,Nyheim Hines,2TM,26,RB,16,5,37,30,241,8,1,11,22,1.9,15.1,81.10%,6.5,24,33,1,2,9,1.4,2.1,1.5,54,5.1,274,2,2,HineNy00
230,Skyy Moore,KAN,22,WR,16,3,33,22,250,11.4,0,13,30,1.4,15.6,66.70%,7.6,3,24,0,1,12,8,1.5,0.2,25,11,274,0,3,MoorSk01
231,Jamal Agnew,JAX,27,WR,15,0,30,23,187,8.1,3,9,24,1.5,12.5,76.70%,6.2,12,86,0,6,30,7.2,5.7,0.8,35,7.8,273,3,,AgneJa00
232,Jarvis Landry,NOR,30,WR,9,3,39,25,272,10.9,1,12,40,2.8,30.2,64.10%,7,,,0,0,,,,,25,10.9,272,1,1,LandJa00
233,Justin Jackson,DET,26,RB,16,0,19,12,101,8.4,1,7,15,0.8,6.3,63.20%,5.3,42,170,1,8,27,4,10.6,2.6,54,5,271,2,,JackJu01
234,Daniel Bellinger,NYG,22,TE,12,11,35,30,268,8.9,2,14,24,2.5,22.3,85.70%,7.7,1,2,1,1,2,2,0.2,0.1,31,8.7,270,3,1,BellDa00
235,Damiere Byrd,ATL,29,WR,14,4,23,13,268,20.6,2,9,75,0.9,19.1,56.50%,11.7,,,0,0,,,,,13,20.6,268,2,,ByrdDa00
236,J.D. McKissic,WAS,29,RB,8,0,40,27,173,6.4,0,7,14,3.4,21.6,67.50%,4.3,22,95,0,5,33,4.3,11.9,2.8,49,5.5,268,0,,McKiJ.00
237,Trey McBride,ARI,23,TE,16,13,39,29,265,9.1,1,12,29,1.8,16.6,74.40%,6.8,,,0,0,,,,,29,9.1,265,1,1,McBrTr01
238,Tyquan Thornton,NWE,22,WR,13,9,45,22,247,11.2,2,13,29,1.7,19,48.90%,5.5,3,16,1,1,19,5.3,1.2,0.2,25,10.5,263,3,,ThorTy00
239,Jordan Mason,SFO,23,RB,16,0,,,,,0,0,,,,,,43,258,1,10,55,6,16.1,2.7,43,6,258,1,,MasoJo00
240,Joe Burrow,CIN,26,QB,16,16,,,,,0,0,,,,,,75,257,5,28,23,3.4,16.1,4.7,75,3.4,257,5,6,BurrJo01
241,Phillip Dorsett,HOU,29,WR,15,4,40,20,257,12.9,1,11,34,1.3,17.1,50.00%,6.4,,,0,0,,,,,20,12.9,257,1,,DorsPh00
242,Kadarius Toney,2TM,23,WR,9,4,20,16,171,10.7,2,8,38,1.8,19,80.00%,8.6,7,82,1,5,32,11.7,9.1,0.8,23,11,253,3,1,ToneKa00
243,Jonnu Smith,NWE,27,TE,14,8,38,27,245,9.1,0,9,53,1.9,17.5,71.10%,6.4,1,5,0,1,5,5,0.4,0.1,28,8.9,250,0,1,SmitJo01
244,Ty Johnson,NYJ,25,RB,17,1,24,12,88,7.3,0,3,16,0.7,5.2,50.00%,3.7,30,160,1,5,32,5.3,9.4,1.8,42,5.9,248,1,,JohnTy02
245,Harrison Bryant,CLE,24,TE,17,9,42,31,239,7.7,1,12,30,1.8,14.1,73.80%,5.7,1,8,0,1,8,8,0.5,0.1,32,7.7,247,1,,BryaHa00
246,Jacoby Brissett,CLE,30,QB,16,11,,,,,0,0,,,,,,49,243,2,28,22,5,15.2,3.1,49,5,243,2,6,BrisJa00
247,Trenton Irwin,CIN,27,WR,9,2,23,15,231,15.4,4,12,45,1.7,25.7,65.20%,10,1,11,0,1,11,11,1.2,0.1,16,15.1,242,4,,IrwiTr00
248,Kenny Pickett,PIT,24,QB,13,12,,,,,0,0,,,,,,55,237,3,23,23,4.3,18.2,4.2,55,4.3,237,3,4,PickKe00
249,Braxton Berrios,NYJ,27,WR,17,2,32,18,145,8.1,0,8,25,1.1,8.5,56.30%,4.5,9,91,2,5,25,10.1,5.4,0.5,27,8.7,236,2,1,BerrBr00
250,A.J. Green,ARI,34,WR,15,10,47,24,236,9.8,2,11,77,1.6,15.7,51.10%,5,,,0,0,,,,,24,9.8,236,2,,GreeA.00
251,Brandon Powell,LAR,27,WR,17,6,32,24,156,6.5,0,7,16,1.4,9.2,75.00%,4.9,17,80,0,6,20,4.7,4.7,1,41,5.8,236,0,1,PoweBr00
252,Boston Scott,PHI,27,RB,15,2,6,5,15,3,0,0,5,0.3,1,83.30%,2.5,54,217,3,12,21,4,14.5,3.6,59,3.9,232,3,,ScotBo02
253,C.J. Uzomah,NYJ,29,TE,15,13,27,21,232,11,2,10,40,1.4,15.5,77.80%,8.6,,,0,0,,,,,21,11,232,2,,UzomC.00
254,Ameer Abdullah,LVR,29,RB,17,0,32,25,211,8.4,1,8,23,1.5,12.4,78.10%,6.6,4,20,0,2,7,5,1.2,0.2,29,8,231,1,,AbduAm00
255,Travis Homer,SEA,24,RB,10,1,18,16,157,9.8,1,7,27,1.6,15.7,88.90%,8.7,19,74,0,4,16,3.9,7.4,1.9,35,6.6,231,1,1,HomeTr00
256,Dare Ogunbowale,HOU,28,RB,17,4,26,20,104,5.2,0,5,23,1.2,6.1,76.90%,4,42,123,1,10,11,2.9,7.2,2.5,62,3.7,227,1,,OgunDa00
257,Kyle Juszczyk,SFO,31,FB,16,12,23,19,200,10.5,1,9,35,1.2,12.5,82.60%,8.7,7,26,1,5,9,3.7,1.6,0.4,26,8.7,226,2,,JuszKy00
258,Wan'Dale Robinson,NYG,21,WR,6,3,31,23,227,9.9,1,13,19,3.8,37.8,74.20%,7.3,2,-1,0,0,4,-0.5,-0.2,0.3,25,9,226,1,,RobiWa01
259,Malik Davis,DAL,24,RB,12,0,7,6,63,10.5,0,5,18,0.5,5.3,85.70%,9,38,161,1,6,23,4.2,13.4,3.2,44,5.1,224,1,,DaviMa02
260,Craig Reynolds,DET,26,RB,9,0,10,9,116,12.9,0,5,36,1,12.9,90.00%,11.6,23,102,0,4,21,4.4,11.3,2.6,32,6.8,218,0,,ReynCr00
261,Brock Wright,DET,24,TE,17,10,24,18,216,12,4,13,51,1.1,12.7,75.00%,9,,,0,0,,,,,18,12,216,4,,WrigBr01
262,Ashton Dulin,IND,25,WR,12,2,22,15,207,13.8,1,12,39,1.3,17.3,68.20%,9.4,2,8,0,1,5,4,0.7,0.2,17,12.6,215,1,,DuliAs00
263,Kyren Williams,LAR,22,RB,10,0,12,9,76,8.4,0,5,15,0.9,7.6,75.00%,6.3,35,139,0,6,17,4,13.9,3.5,44,4.9,215,0,,WillKy02
264,David Bell,CLE,22,WR,16,3,35,24,214,8.9,0,7,20,1.5,13.4,68.60%,6.1,,,0,0,,,,,24,8.9,214,0,,BellDa02
265,Amari Rodgers,2TM,23,,16,1,25,16,204,12.8,1,12,37,1,12.8,64.00%,8.2,2,7,0,0,4,3.5,0.4,0.1,18,11.7,211,1,6,RodgAm00
266,Velus Jones Jr.,CHI,25,WR,12,2,14,7,107,15.3,1,4,44,0.6,8.9,50.00%,7.6,9,103,1,5,42,11.4,8.6,0.8,16,13.1,210,2,3,JoneVe00
267,Adam Trautman,NOR,25,TE,15,12,22,18,207,11.5,1,9,22,1.2,13.8,81.80%,9.4,,,0,0,,,,,18,11.5,207,1,,TrauAd00
268,KhaDarel Hodge,ATL,27,WR,17,1,20,13,202,15.5,1,7,39,0.8,11.9,65.00%,10.1,,,0,0,,,,,13,15.5,202,1,,HodgKh00
269,Mike Boone,DEN,27,RB,9,0,15,9,96,10.7,0,2,34,1,10.7,60.00%,6.4,24,102,0,6,18,4.3,11.3,2.7,33,6,198,0,,BoonMi00
270,Ian Thomas,CAR,26,TE,17,17,30,21,197,9.4,0,8,50,1.2,11.6,70.00%,6.6,,,0,0,,,,,21,9.4,197,0,,ThomIa00
271,Scott Miller,TAM,25,WR,15,1,40,23,185,8,0,8,23,1.5,12.3,57.50%,4.6,1,8,0,0,8,8,0.5,0.1,24,8,193,0,,MillSc01
272,Jonathan Williams,WAS,28,RB,13,2,10,7,40,5.7,0,2,21,0.5,3.1,70.00%,4,37,152,0,6,23,4.1,11.7,2.8,44,4.4,192,0,,WillJo07
273,Mo Alie-Cox,IND,29,TE,17,11,28,19,189,9.9,3,9,34,1.1,11.1,67.90%,6.8,,,0,0,,,,,19,9.9,189,3,1,AlieMo00
274,KJ Hamler,DEN,23,WR,7,0,14,7,165,23.6,0,3,55,1,23.6,50.00%,11.8,2,23,0,1,14,11.5,3.3,0.3,9,20.9,188,0,,HamlKJ00
275,Denzel Mims,NYJ,25,WR,10,4,25,11,186,16.9,0,7,63,1.1,18.6,44.00%,7.4,,,0,0,,,,,11,16.9,186,0,,MimsDe00
276,Marlon Mack,2TM,26,,8,0,10,8,99,12.4,1,2,66,1,12.4,80.00%,9.9,16,84,1,4,17,5.3,10.5,2,24,7.6,183,2,,MackMa00
277,Dak Prescott,DAL,29,QB,12,12,,,,,0,0,,,,,,45,182,1,19,25,4,15.2,3.8,45,4,182,1,4,PresDa01
278,Irv Smith Jr.,MIN,24,TE,8,1,36,25,182,7.3,2,9,17,3.1,22.8,69.40%,5.1,,,0,0,,,,,25,7.3,182,2,1,SmitIr01
279,Gary Brightwell,NYG,23,RB,17,0,8,5,39,7.8,0,4,12,0.3,2.3,62.50%,4.9,31,141,1,9,25,4.5,8.3,1.8,36,5,180,1,,BrigGa00
280,Jalen Nailor,MIN,23,WR,15,0,13,9,179,19.9,1,7,47,0.6,11.9,69.20%,13.8,,,0,0,,,,,9,19.9,179,1,,NailJa00
281,Connor Heyward,PIT,23,TE,17,0,17,12,151,12.6,1,6,45,0.7,8.9,70.60%,8.9,2,27,0,2,21,13.5,1.6,0.1,14,12.7,178,1,,HeywCo00
282,Deshaun Watson,CLE,27,QB,6,6,,,,,0,0,,,,,,36,175,1,10,21,4.9,29.2,6,36,4.9,175,1,1,WatsDe00
283,Cameron Brate,TAM,31,TE,11,1,38,20,174,8.7,0,8,21,1.8,15.8,52.60%,4.6,,,0,0,,,,,20,8.7,174,0,,BratCa00
284,Jake Ferguson,DAL,23,TE,16,8,22,19,174,9.2,2,8,30,1.2,10.9,86.40%,7.9,,,0,0,,,,,19,9.2,174,2,,FergJa00
285,Steven Sims,PIT,25,WR,12,2,23,14,104,7.4,0,5,28,1.2,8.7,60.90%,4.5,13,70,0,5,22,5.4,5.8,1.1,27,6.4,174,0,3,SimsSt00
286,Tommy Tremble,CAR,22,TE,17,4,32,19,174,9.2,3,9,29,1.1,10.2,59.40%,5.4,,,0,0,,,,,19,9.2,174,3,1,TremTo00
287,Michael Thomas,NOR,29,WR,3,3,22,16,171,10.7,3,13,21,5.3,57,72.70%,7.8,,,0,0,,,,,16,10.7,171,3,,ThomMi05
288,Raheem Blackshear,CAR,23,RB,13,1,12,10,93,9.3,0,3,27,0.8,7.2,83.30%,7.8,23,77,3,7,16,3.3,5.9,1.8,33,5.2,170,3,1,BlacRa00
289,Avery Williams,ATL,24,RB,17,3,14,13,61,4.7,0,3,10,0.8,3.6,92.90%,4.4,22,109,1,6,21,5,6.4,1.3,35,4.9,170,1,1,WillAv02
290,Khalil Shakir,BUF,22,WR,14,2,20,10,161,16.1,1,7,31,0.7,11.5,50.00%,8.1,,,0,0,,,,,10,16.1,161,1,,ShakKh00
291,Sony Michel,LAC,27,RB,10,0,13,9,53,5.9,0,1,9,0.9,5.3,69.20%,4.1,36,106,0,8,12,2.9,10.6,3.6,45,3.5,159,0,,MichSo00
292,Dyami Brown,WAS,23,WR,15,0,14,5,143,28.6,2,5,75,0.3,9.5,35.70%,10.2,1,15,0,1,15,15,1,0.1,6,26.3,158,2,,BrowDy00
293,Marquez Callaway,NOR,24,WR,14,3,32,16,158,9.9,1,11,33,1.1,11.3,50.00%,4.9,,,0,0,,,,,16,9.9,158,1,,CallMa01
294,Sterling Shepard,NYG,29,WR,3,2,24,13,154,11.8,1,4,65,4.3,51.3,54.20%,6.4,,,0,0,,,,,13,11.8,154,1,,ShepSt00
295,DeSean Jackson,BAL,36,WR,7,1,17,9,153,17,0,5,62,1.3,21.9,52.90%,9,,,0,0,,,,,9,17,153,0,,JackDe00
296,Royce Freeman,HOU,26,RB,4,1,8,6,33,5.5,0,0,9,1.5,8.3,75.00%,4.1,41,117,0,7,11,2.9,29.3,10.3,47,3.2,150,0,1,FreeRo00
297,Hassan Haskins,TEN,23,RB,15,1,12,11,57,5.2,0,2,10,0.7,3.8,91.70%,4.8,25,93,0,5,12,3.7,6.2,1.7,36,4.2,150,0,,HaskHa00
298,Zach Pascal,PHI,28,WR,17,2,19,15,150,10,1,9,34,0.9,8.8,78.90%,7.9,1,0,0,0,0,0,0,0.1,16,9.4,150,1,,PascZa00
299,MyCole Pruitt,ATL,30,TE,13,4,21,16,150,9.4,4,10,29,1.2,11.5,76.20%,7.1,,,0,0,,,,,16,9.4,150,4,,PruiMy00
300,Josh Oliver,BAL,25,TE,17,9,25,14,149,10.6,2,7,40,0.8,8.8,56.00%,6,,,0,0,,,,,14,10.6,149,2,,OlivJo00
301,Eric Saubert,DEN,28,TE,17,6,24,15,148,9.9,1,6,25,0.9,8.7,62.50%,6.2,,,0,0,,,,,15,9.9,148,1,,SaubEr00
302,O.J. Howard,HOU,28,TE,13,10,23,10,145,14.5,2,6,26,0.8,11.2,43.50%,6.3,,,0,0,,,,,10,14.5,145,2,,HowaO.00
303,Cedrick Wilson Jr.,MIA,27,WR,15,0,18,12,136,11.3,0,8,21,0.8,9.1,66.70%,7.6,1,8,0,0,8,8,0.5,0.1,13,11.1,144,0,,WilsCe01
304,Pierre Strong,NWE,24,RB,15,0,7,7,42,6,0,3,16,0.5,2.8,100.00%,6,10,100,1,5,44,10,6.7,0.7,17,8.4,142,1,,StroPi00
305,Keelan Cole,LVR,29,WR,14,3,21,10,141,14.1,1,8,30,0.7,10.1,47.60%,6.7,,,0,0,,,,,10,14.1,141,1,1,ColeKe00
306,Tom Kennedy,DET,26,WR,7,1,15,8,141,17.6,0,7,44,1.1,20.1,53.30%,9.4,,,0,0,,,,,8,17.6,141,0,,KennTo01
307,Johnny Mundt,MIN,28,TE,17,12,21,19,140,7.4,1,9,17,1.1,8.2,90.50%,6.7,,,0,0,,,,,19,7.4,140,1,,MundJo00
308,Mitchell Wilcox,CIN,26,TE,16,4,18,17,139,8.2,1,6,19,1.1,8.7,94.40%,7.7,,,0,0,,,,,17,8.2,139,1,,WilcMi01
309,Justin Herbert,LAC,24,QB,17,17,2,2,-10,-5,0,0,-2,0.1,-0.6,100.00%,-5,54,147,0,17,23,2.7,8.6,3.2,56,2.4,137,0,8,HerbJu00
310,Tyler Huntley,BAL,24,QB,6,4,,,,,0,0,,,,,,43,137,1,12,14,3.2,22.8,7.2,43,3.2,137,1,3,HuntTy01
311,Dan Arnold,JAX,27,TE,17,0,13,9,135,15,0,5,26,0.5,7.9,69.20%,10.4,,,0,0,,,,,9,15,135,0,,ArnoDa00
312,Byron Pringle,CHI,29,WR,11,4,16,10,135,13.5,2,8,35,0.9,12.3,62.50%,8.4,,,0,0,,,,,10,13.5,135,2,,PrinBy00
313,Jeff Smith,NYJ,25,WR,11,0,11,8,134,16.8,0,5,50,0.7,12.2,72.70%,12.2,,,0,0,,,,,8,16.8,134,0,,SmitJe03
314,Zach Gentry,PIT,26,TE,17,13,23,19,132,6.9,0,6,32,1.1,7.8,82.60%,5.7,,,0,0,,,,,19,6.9,132,0,,GentZa00
315,Tanner Hudson,NYG,28,TE,11,0,15,10,132,13.2,0,8,27,0.9,12,66.70%,8.8,,,0,0,,,,,10,13.2,132,0,,HudsTa00
316,Donald Parham,LAC,25,TE,6,1,12,10,130,13,1,5,24,1.7,21.7,83.30%,10.8,,,0,0,,,,,10,13,130,1,,ParhDo00
317,Durham Smythe,MIA,27,TE,16,15,20,15,129,8.6,1,7,26,0.9,8.1,75.00%,6.5,2,1,1,1,1,0.5,0.1,0.1,17,7.6,130,2,,SmytDu00
318,Jalen Reagor,MIN,23,WR,17,0,13,8,104,13,1,5,38,0.5,6.1,61.50%,8,4,25,0,1,17,6.3,1.5,0.2,12,10.8,129,1,4,ReagJa00
319,Brevin Jordan,HOU,22,TE,11,3,28,14,128,9.1,0,7,20,1.3,11.6,50.00%,4.6,,,0,0,,,,,14,9.1,128,0,,JordBr00
320,Brandon Bolden,LVR,32,RB,16,0,9,9,57,6.3,1,2,18,0.6,3.6,100.00%,6.3,17,66,0,3,12,3.9,4.1,1.1,26,4.7,123,1,,BoldBr00
321,Jack Stoll,PHI,24,TE,17,11,14,11,123,11.2,0,5,26,0.6,7.2,78.60%,8.8,,,0,0,,,,,11,11.2,123,0,,StolJa00
322,Malik Willis,TEN,23,QB,8,3,,,,,0,0,,,,,,27,123,1,8,17,4.6,15.4,3.4,27,4.6,123,1,3,WillMa12
323,T.Y. Hilton,DAL,33,WR,3,0,10,7,121,17.3,0,5,52,2.3,40.3,70.00%,12.1,,,0,0,,,,,7,17.3,121,0,,HiltT.00
324,Malcolm Brown,LAR,29,RB,11,0,6,5,37,7.4,0,2,13,0.5,3.4,83.30%,6.2,18,81,1,3,23,4.5,7.4,1.6,23,5.1,118,1,,BrowMa03
325,Lawrence Cager,2TM,25,TE,7,4,19,13,118,9.1,1,8,20,1.9,16.9,68.40%,6.2,,,0,0,,,,,13,9.1,118,1,,CageLa01
326,Pharaoh Brown,2TM,28,TE,16,8,20,12,117,9.8,0,6,30,0.8,7.3,60.00%,5.9,,,0,0,,,,,12,9.8,117,0,,BrowPh01
327,N'Keal Harry,CHI,25,WR,7,0,9,7,116,16.6,1,4,49,1,16.6,77.80%,12.9,,,0,0,,,,,7,16.6,116,1,,HarrNK00
328,Josiah Deguara,GNB,25,TE,17,3,15,13,114,8.8,0,4,25,0.8,6.7,86.70%,7.6,,,0,0,,,,,13,8.8,114,0,,DeguJo00
329,Alec Ingold,MIA,26,FB,17,14,23,15,105,7,1,4,17,0.9,6.2,65.20%,4.6,6,8,1,5,2,1.3,0.5,0.4,21,5.4,113,2,,IngoAl01
330,James Mitchell,DET,23,TE,14,0,11,11,113,10.3,1,7,22,0.8,8.1,100.00%,10.3,,,0,0,,,,,11,10.3,113,1,,MitcJa00
331,Teagan Quitoriano,HOU,22,TE,9,6,14,7,113,16.1,2,5,52,0.8,12.6,50.00%,8.1,,,0,0,,,,,7,16.1,113,2,,QuitTe00
332,Darrel Williams,ARI,27,RB,6,0,8,4,9,2.3,0,0,6,0.7,1.5,50.00%,1.1,21,102,1,8,30,4.9,17,3.5,25,4.4,111,1,,WillDa10
333,Corey Clement,ARI,28,RB,9,1,7,5,54,10.8,0,3,21,0.6,6,71.40%,7.7,15,55,1,6,12,3.7,6.1,1.7,20,5.5,109,1,,ClemCo00
334,Brycen Hopkins,LAR,25,TE,14,1,11,7,109,15.6,0,5,22,0.5,7.8,63.60%,9.9,,,0,0,,,,,7,15.6,109,0,,HopkBr01
335,John Bates,WAS,25,TE,16,7,22,14,108,7.7,1,4,20,0.9,6.8,63.60%,4.9,,,0,0,,,,,14,7.7,108,1,1,BateJo00
336,Jody Fortson,KAN,27,TE,13,1,13,9,108,12,2,6,40,0.7,8.3,69.20%,8.3,,,0,0,,,,,9,12,108,2,1,FortJo01
337,Davis Mills,HOU,24,QB,15,15,,,,,0,0,,,,,,32,108,2,8,17,3.4,7.2,2.1,32,3.4,108,2,8,MillDa02
338,Anthony Schwartz,CLE,22,WR,11,1,10,4,51,12.8,0,2,19,0.4,4.6,40.00%,5.1,4,57,1,2,31,14.3,5.2,0.4,8,13.5,108,1,1,SchwAn00
339,Benny Snell Jr.,PIT,24,RB,17,0,2,2,17,8.5,0,1,11,0.1,1,100.00%,8.5,20,90,1,6,16,4.5,5.3,1.2,22,4.9,107,1,,SnelBe00
340,Sam Darnold,CAR,25,QB,6,6,,,,,0,0,,,,,,26,106,2,10,26,4.1,17.7,4.3,26,4.1,106,2,6,DarnSa00
341,David Sills,NYG,26,WR,9,5,17,11,106,9.6,0,7,24,1.2,11.8,64.70%,6.2,,,0,0,,,,,11,9.6,106,0,,SillDa01
342,Ross Dwelley,SFO,27,TE,12,0,5,3,105,35,1,3,56,0.3,8.8,60.00%,21,,,0,0,,,,,3,35,105,1,,DwelRo00
343,Peyton Hendershot,DAL,23,TE,17,2,16,11,103,9.4,2,8,29,0.6,6.1,68.80%,6.4,1,2,1,1,2,2,0.1,0.1,12,8.8,105,3,1,HendPe01
344,Zach Wilson,NYJ,23,QB,9,9,1,1,2,2,1,1,2,0.1,0.2,100.00%,2,28,102,1,7,18,3.6,11.3,3.1,29,3.6,104,2,1,WilsZa00
345,Breshad Perriman,TAM,29,WR,11,3,19,9,110,12.2,1,5,28,0.8,10,47.40%,5.8,2,-7,0,0,0,-3.5,-0.6,0.2,11,9.4,103,1,2,PerrBr02
346,Derek Carr,LVR,31,QB,15,15,,,,,0,0,,,,,,24,102,0,10,20,4.3,6.8,1.6,24,4.3,102,0,4,CarrDe02
347,River Cracraft,MIA,28,WR,11,0,14,9,102,11.3,2,8,22,0.8,9.3,64.30%,7.3,,,0,0,,,,,9,11.3,102,2,,CracRi00
348,Mac Jones,NWE,24,QB,14,14,,,,,0,0,,,,,,47,102,1,12,15,2.2,7.3,3.4,47,2.2,102,1,5,JoneMa05
349,Anthony Firkser,ATL,27,TE,11,1,13,9,100,11.1,0,5,22,0.8,9.1,69.20%,7.7,,,0,0,,,,,9,11.1,100,0,,FirkAn00
350,Giovanni Ricci,CAR,26,TE,15,3,9,8,100,12.5,0,3,32,0.5,6.7,88.90%,11.1,,,0,0,,,,,8,12.5,100,0,,RiccGi00
351,Tyrion Davis-Price,SFO,22,RB,6,0,2,0,0,,0,0,0,0,0,0.00%,0,34,99,0,5,20,2.9,16.5,5.7,34,2.9,99,0,,DaviTy03
352,Marcus Johnson,NYG,28,WR,14,7,22,9,99,11,0,6,18,0.6,7.1,40.90%,4.5,,,0,0,,,,,9,11,99,0,,JohnMa07
353,Ryan Tannehill,TEN,34,QB,12,12,,,,,0,0,,,,,,34,98,2,12,17,2.9,8.2,2.8,34,2.9,98,2,3,TannRy00
354,Kirk Cousins,MIN,34,QB,17,17,,,,,0,0,,,,,,31,97,2,11,19,3.1,5.7,1.8,31,3.1,97,2,7,CousKi00
355,Darrynton Evans,CHI,24,RB,6,0,1,1,33,33,0,1,33,0.2,5.5,100.00%,33,14,64,0,3,21,4.6,10.7,2.3,15,6.5,97,0,,EvanDa02
356,Taylor Heinicke,WAS,29,QB,9,9,,,,,0,0,,,,,,28,96,1,6,15,3.4,10.7,3.1,28,3.4,96,1,7,HeinTa00
357,Albert Okwuegbunam,DEN,24,TE,8,1,18,10,95,9.5,1,4,25,1.3,11.9,55.60%,5.3,,,0,0,,,,,10,9.5,95,1,,OkwuAl00
358,Aaron Rodgers,GNB,39,QB,17,17,,,,,0,0,,,,,,34,94,1,9,18,2.8,5.5,2,34,2.8,94,1,8,RodgAa00
359,C.J. Ham,MIN,29,FB,17,4,12,10,86,8.6,0,7,17,0.6,5.1,83.30%,7.2,4,7,2,3,3,1.8,0.4,0.2,14,6.6,93,2,,HamxC.00
360,Ronald Jones II,KAN,25,RB,6,0,1,1,22,22,0,1,22,0.2,3.7,100.00%,22,17,70,1,4,13,4.1,11.7,2.8,18,5.1,92,1,,JoneRo01
361,Gunner Olszewski,PIT,26,WR,16,2,7,5,53,10.6,0,1,31,0.3,3.3,71.40%,7.6,8,39,0,3,18,4.9,2.4,0.5,13,7.1,92,0,2,OlszGu00
362,Bryce Perkins,LAR,26,QB,5,1,,,,,0,0,,,,,,19,90,0,6,23,4.7,18,3.8,19,4.7,90,0,,PerkBr02
363,Patrick Ricard,BAL,28,FB,17,16,13,11,74,6.7,0,1,19,0.6,4.4,84.60%,5.7,7,16,0,5,5,2.3,0.9,0.4,18,5,90,0,,RicaPa00
364,Armani Rogers,WAS,25,TE,11,3,6,5,64,12.8,0,4,23,0.5,5.8,83.30%,10.7,2,26,0,1,24,13,2.4,0.2,7,12.9,90,0,,RogeAr00
365,Michael Bandy,LAC,25,WR,10,2,21,10,89,8.9,0,5,25,1,8.9,47.60%,4.2,,,0,0,,,,,10,8.9,89,0,,BandMi00
366,Parker Hesse,ATL,27,TE,17,7,11,9,89,9.9,0,6,22,0.5,5.2,81.80%,8.1,,,0,0,,,,,9,9.9,89,0,,HessPa00
367,Baker Mayfield,2TM,27,,12,10,,,,,0,0,,,,,,31,89,1,7,17,2.9,7.4,2.6,31,2.9,89,1,9,MayfBa00
368,Cam Sims,WAS,26,WR,17,3,18,8,89,11.1,0,5,21,0.5,5.2,44.40%,4.9,,,0,0,,,,,8,11.1,89,0,,SimsCa00
369,Sam Ehlinger,IND,24,QB,4,3,,,,,0,0,,,,,,17,87,0,5,19,5.1,21.8,4.3,17,5.1,87,0,2,EhliSa00
370,Jordan Wilkins,IND,28,RB,4,0,8,6,29,4.8,0,1,10,1.5,7.3,75.00%,3.6,13,58,0,2,9,4.5,14.5,3.3,19,4.6,87,0,,WilkJo01
371,Carson Wentz,WAS,30,QB,8,7,,,,,0,0,,,,,,22,86,1,4,18,3.9,10.8,2.8,22,3.9,86,1,6,WentCa00
372,Quintin Morris,BUF,23,TE,14,1,11,8,84,10.5,1,6,26,0.6,6,72.70%,7.6,,,0,0,,,,,8,10.5,84,1,1,MorrQu00
373,Jarrett Stidham,LVR,26,QB,5,2,,,,,0,0,,,,,,14,84,0,7,11,6,16.8,2.8,14,6,84,0,3,StidJa00
374,Samori Toure,GNB,24,WR,11,2,10,5,82,16.4,1,2,37,0.5,7.5,50.00%,8.2,,,0,0,,,,,5,16.4,82,1,1,TourSa00
375,Grant Calcaterra,PHI,24,TE,15,2,9,5,81,16.2,0,3,40,0.3,5.4,55.60%,9,,,0,0,,,,,5,16.2,81,0,,CalcGr00
376,Kenny Golladay,NYG,29,WR,12,4,17,6,81,13.5,1,4,25,0.5,6.8,35.30%,4.8,,,0,0,,,,,6,13.5,81,1,,GollKe00
377,Keaontay Ingram,ARI,23,RB,12,0,5,4,21,5.3,0,1,24,0.3,1.8,80.00%,4.2,27,60,1,4,13,2.2,5,2.3,31,2.6,81,1,,IngrKe01
378,Jameson Williams,DET,21,WR,6,0,9,1,41,41,1,1,41,0.2,6.8,11.10%,4.6,1,40,0,1,40,40,6.7,0.2,2,40.5,81,1,,WillJa11
379,Ko Kieft,TAM,24,TE,17,12,10,7,80,11.4,1,5,19,0.4,4.7,70.00%,8,,,0,0,,,,,7,11.4,80,1,,KiefKo00
380,Jeff Driskel,HOU,29,QB,7,2,1,1,4,4,0,0,4,0.1,0.6,100.00%,4,20,75,0,4,10,3.8,10.7,2.9,21,3.8,79,0,,DrisJe00
381,Eric Tomlinson,DEN,30,TE,17,12,13,9,79,8.8,2,5,18,0.5,4.6,69.20%,6.1,,,0,0,,,,,9,8.8,79,2,,TomlEr01
382,Jared Goff,DET,28,QB,17,17,1,1,5,5,0,0,5,0.1,0.3,100.00%,5,29,73,0,5,14,2.5,4.3,1.7,30,2.6,78,0,7,GoffJa00
383,Marcus Jones,NWE,24,DB,15,4,4,4,78,19.5,1,3,48,0.3,5.2,100.00%,19.5,,,0,0,,,,,4,19.5,78,1,1,JoneMa06
384,Jaret Patterson,WAS,23,RB,3,0,1,0,0,,0,0,0,0,0,0.00%,0,17,78,0,3,14,4.6,26,5.7,17,4.6,78,0,,PattJa01
385,Kyle Philips,TEN,23,WR,4,0,13,8,78,9.8,0,3,21,2,19.5,61.50%,6,,,0,0,,,,,8,9.8,78,0,2,PhilKy01
386,Trent Taylor,CIN,28,WR,16,1,10,6,62,10.3,0,1,34,0.4,3.9,60.00%,6.2,4,15,0,0,9,3.8,0.9,0.3,10,7.7,77,0,2,TaylTr02
387,Jalen Virgil,DEN,24,WR,9,1,5,2,75,37.5,1,2,66,0.2,8.3,40.00%,15,,,0,0,,,,,2,37.5,75,1,1,VirgJa00
388,Freddie Swain,2TM,24,,4,1,6,4,74,18.5,0,3,52,1,18.5,66.70%,12.3,,,0,0,,,,,4,18.5,74,0,1,SwaiFr00
389,Kevin White,NOR,30,WR,7,2,5,2,74,37,0,2,64,0.3,10.6,40.00%,14.8,,,0,0,,,,,2,37,74,0,,WhitKe00
390,Salvon Ahmed,MIA,24,RB,12,0,1,1,8,8,0,0,8,0.1,0.7,100.00%,8,12,64,1,4,11,5.3,5.3,1,13,5.5,72,1,,AhmeSa01
391,Tre' McKitty,LAC,23,TE,17,8,18,10,72,7.2,0,0,12,0.6,4.2,55.60%,4,,,0,0,,,,,10,7.2,72,0,1,McKiTr00
392,Ke'Shawn Vaughn,TAM,25,RB,15,0,4,3,19,6.3,0,1,11,0.2,1.3,75.00%,4.8,17,53,0,3,12,3.1,3.5,1.1,20,3.6,72,0,,VaugKe00
393,David Johnson,NOR,31,RB,5,0,4,4,47,11.8,0,3,21,0.8,9.4,100.00%,11.8,12,24,0,0,5,2,4.8,2.4,16,4.4,71,0,1,JohnDa08
394,Tevin Coleman,SFO,29,RB,5,0,3,3,44,14.7,1,2,30,0.6,8.8,100.00%,14.7,12,26,1,2,14,2.2,5.2,2.4,15,4.7,70,2,,ColeTe01
395,Matt Ryan,IND,37,QB,12,12,,,,,0,0,,,,,,27,70,1,9,39,2.6,5.8,2.3,27,2.6,70,1,15,RyanMa00
396,Tua Tagovailoa,MIA,24,QB,13,13,,,,,0,0,,,,,,23,70,0,4,18,3,5.4,1.8,23,3,70,0,6,TagoTu00
397,Tyrod Taylor,NYG,33,QB,3,0,,,,,0,0,,,,,,5,70,0,5,32,14,23.3,1.7,5,14,70,0,2,TaylTy00
398,Zamir White,LVR,23,RB,14,0,,,,,0,0,,,,,,17,70,0,4,22,4.1,5,1.2,17,4.1,70,0,,WhitZa01
399,Andrew Beck,DEN,26,FB,13,4,11,5,69,13.8,0,2,27,0.4,5.3,45.50%,6.3,2,0,0,0,1,0,0,0.2,7,9.9,69,0,,BeckAn01
400,Reggie Gilliam,BUF,25,FB,15,4,10,8,69,8.6,1,4,14,0.5,4.6,80.00%,6.9,,,0,0,,,,,8,8.6,69,1,,GillRe00
401,D'Wayne Eskridge,SEA,25,WR,10,0,13,7,58,8.3,0,4,16,0.7,5.8,53.80%,4.5,2,10,0,0,6,5,1,0.2,9,7.6,68,0,,EskrDW00
402,Phillip Lindsay,IND,28,RB,3,0,8,6,19,3.2,0,0,7,2,6.3,75.00%,2.4,15,49,0,1,15,3.3,16.3,5,21,3.2,68,0,,LindPh00
403,Trey Lance,SFO,22,QB,2,2,,,,,0,0,,,,,,16,67,0,7,13,4.2,33.5,8,16,4.2,67,0,1,LancTr00
404,Marcedes Lewis,GNB,38,TE,17,17,7,6,66,11,2,5,31,0.4,3.9,85.70%,9.4,,,0,0,,,,,6,11,66,2,,LewiMa00
405,Chris Myarick,NYG,27,FB,16,8,8,7,65,9.3,1,5,23,0.4,4.1,87.50%,8.1,,,0,0,,,,,7,9.3,65,1,,MyarCh00
406,Jalen Guyton,LAC,25,WR,3,0,4,2,64,32,0,2,54,0.7,21.3,50.00%,16,,,0,0,,,,,2,32,64,0,,GuytJa01
407,Jake Kumerow,BUF,30,WR,6,1,7,4,64,16,0,4,39,0.7,10.7,57.10%,9.1,,,0,0,,,,,4,16,64,0,,KumeJa00
408,Desmond Ridder,ATL,23,QB,4,4,,,,,0,0,,,,,,16,64,0,4,18,4,16,4,16,4,64,0,3,RiddDe00
409,Trestan Ebner,CHI,23,RB,17,0,8,2,8,4,0,0,6,0.1,0.5,25.00%,1,24,54,0,2,11,2.3,3.2,1.4,26,2.4,62,0,2,EbneTr00
410,James Proche,BAL,26,WR,15,0,17,8,62,7.8,0,3,12,0.5,4.1,47.10%,3.6,,,0,0,,,,,8,7.8,62,0,,ProcJa00
411,Trace McSorley,ARI,27,QB,6,1,,,,,0,0,,,,,,15,61,0,3,14,4.1,10.2,2.5,15,4.1,61,0,2,McSoTr00
412,Jamison Crowder,BUF,29,WR,4,0,13,6,60,10,0,4,16,1.5,15,46.20%,4.6,,,0,0,,,,,6,10,60,0,1,CrowJa00
413,Trayveon Williams,CIN,25,RB,8,0,3,2,30,15,0,1,24,0.3,3.8,66.70%,10,6,30,0,1,16,5,3.8,0.8,8,7.5,60,0,,WillTr06
414,Shane Zylstra,DET,26,TE,13,2,15,11,60,5.5,4,6,14,0.8,4.6,73.30%,4,,,0,0,,,,,11,5.5,60,4,,ZylsSh00
415,Mike Strachan,IND,25,WR,13,0,9,3,59,19.7,0,3,23,0.2,4.5,33.30%,6.6,,,0,0,,,,,3,19.7,59,0,,StraMi03
416,Geoff Swaim,TEN,29,TE,17,13,16,12,58,4.8,1,4,13,0.7,3.4,75.00%,3.6,,,0,0,,,,,12,4.8,58,1,,SwaiGe00
417,Deven Thompkins,TAM,23,WR,5,1,10,5,32,6.4,0,1,13,1,6.4,50.00%,3.2,2,26,0,1,17,13,5.2,0.4,7,8.3,58,0,1,ThomDe07
418,Tyler Kroft,SFO,30,TE,11,4,5,4,57,14.3,0,2,28,0.4,5.2,80.00%,11.4,,,0,0,,,,,4,14.3,57,0,,KrofTy00
419,C.J. Moore,DET,27,S,11,0,,,,,0,0,,,,,,2,55,0,2,42,27.5,5,0.2,2,27.5,55,0,1,MoorCJ01
420,Nick Vannett,2TM,29,,9,3,9,6,55,9.2,0,1,15,0.7,6.1,66.70%,6.1,,,0,0,,,,,6,9.2,55,0,,VannNi00
421,Andy Dalton,NOR,35,QB,14,14,,,,,0,0,,,,,,30,54,0,6,14,1.8,3.9,2.1,30,1.8,54,0,5,DaltAn00
422,Myles Gaskin,MIA,25,RB,4,0,6,4,28,7,0,0,16,1,7,66.70%,4.7,10,26,0,2,10,2.6,6.5,2.5,14,3.9,54,0,,GaskMy00
423,Cody Hollister,TEN,29,WR,11,3,5,3,54,18,0,2,27,0.3,4.9,60.00%,10.8,,,0,0,,,,,3,18,54,0,,HollCo00
424,Tony Jones,2TM,25,RB,6,0,8,5,30,6,0,0,9,0.8,5,62.50%,3.8,10,24,0,3,7,2.4,4,1.7,15,3.6,54,0,,JoneTo04
425,Isaiah Spiller,LAC,21,RB,6,0,3,3,13,4.3,0,0,8,0.5,2.2,100.00%,4.3,18,41,0,2,11,2.3,6.8,3,21,2.6,54,0,,SpilIs00
426,Chris Streveler,NYJ,27,QB,2,1,,,,,0,0,,,,,,9,54,0,1,14,6,27,4.5,9,6,54,0,1,StreCh00
427,Spencer Brown,CAR,24,RB,2,0,4,2,10,5,0,0,9,1,5,50.00%,2.5,9,43,0,1,7,4.8,21.5,4.5,11,4.8,53,0,,BrowSp01
428,Julius Chestnut,TEN,22,RB,6,0,3,3,41,13.7,0,1,33,0.5,6.8,100.00%,13.7,9,12,0,1,5,1.3,2,1.5,12,4.4,53,0,,ChesJu00
429,Kevin Harris,NWE,22,RB,5,1,,,,,0,0,,,,,,18,52,1,3,14,2.9,10.4,3.6,18,2.9,52,1,,HarrKe01
430,Ronnie Rivers,LAR,23,RB,8,1,5,5,29,5.8,0,1,14,0.6,3.6,100.00%,5.8,9,21,0,1,5,2.3,2.6,1.1,14,3.6,50,0,,RiveRo01
431,Charlie Kolar,BAL,23,TE,2,0,6,4,49,12.3,0,3,15,2,24.5,66.70%,8.2,,,0,0,,,,,4,12.3,49,0,,KolaCh00
432,Patrick Taylor,GNB,24,RB,14,0,1,1,17,17,0,1,17,0.1,1.2,100.00%,17,10,31,0,2,6,3.1,2.2,0.7,11,4.4,48,0,,TaylPa01
433,Chris Conley,2TM,30,WR,9,1,7,4,46,11.5,0,2,27,0.4,5.1,57.10%,6.6,,,0,0,,,,,4,11.5,46,0,,ConlCh00
434,Stephen Sullivan,CAR,26,TE,14,0,6,2,46,23,0,2,33,0.1,3.3,33.30%,7.7,,,0,0,,,,,2,23,46,0,,SullSt00
435,Andre Baccellia,ARI,25,WR,8,0,10,7,45,6.4,0,4,11,0.9,5.6,70.00%,4.5,,,0,0,,,,,7,6.4,45,0,,BaccAn00
436,Dwayne Washington,NOR,28,RB,12,0,1,1,7,7,0,0,7,0.1,0.6,100.00%,7,11,38,0,2,8,3.5,3.2,0.9,12,3.8,45,0,,WashDw00
437,Joshua Dobbs,TEN,27,QB,2,2,,,,,0,0,,,,,,8,44,0,4,11,5.5,22,4,8,5.5,44,0,4,DobbJo00
438,Racey McMath,TEN,23,WR,5,0,8,2,40,20,0,1,39,0.4,8,25.00%,5,1,4,0,0,4,4,0.8,0.2,3,14.7,44,0,,McMaRa00
439,John Brown,BUF,32,WR,3,0,2,1,42,42,1,1,42,0.3,14,50.00%,21,,,0,0,,,,,1,42,42,1,,BrowJo02
440,Snoop Conner,JAX,22,RB,8,0,,,,,0,0,,,,,,12,42,1,2,8,3.5,5.3,1.5,12,3.5,42,1,,ConnSn00
441,Brandon Johnson,DEN,24,WR,7,1,14,6,42,7,1,2,12,0.9,6,42.90%,3,,,0,0,,,,,6,7,42,1,1,JohnBr23
442,Chris Manhertz,JAX,30,TE,17,11,8,6,42,7,0,2,21,0.4,2.5,75.00%,5.3,,,0,0,,,,,6,7,42,0,,ManhCh00
443,Laquon Treadwell,SEA,27,WR,6,0,10,6,42,7,0,3,17,1,7,60.00%,4.2,,,0,0,,,,,6,7,42,0,,TreaLa00
444,Anthony McFarland Jr.,PIT,23,RB,1,0,2,2,11,5.5,0,1,12,2,11,100.00%,5.5,6,30,0,3,14,5,30,6,8,5.1,41,0,,McFaAn00
445,Davis Webb,NYG,27,QB,1,1,,,,,0,0,,,,,,6,41,1,2,14,6.8,41,6,6,6.8,41,1,,WebbDa00
446,Luke Farrell,JAX,25,TE,17,0,4,4,40,10,0,3,15,0.2,2.4,100.00%,10,,,0,0,,,,,4,10,40,0,,FarrLu00
447,Michael Woods II,CLE,22,WR,10,0,10,5,45,9,0,3,15,0.5,4.5,50.00%,4.5,1,-5,0,0,-5,-5,-0.5,0.1,6,6.7,40,0,,WoodMi00
448,P.J. Walker,CAR,27,QB,6,5,,,,,0,0,,,,,,6,39,0,3,20,6.5,6.5,1,6,6.5,39,0,,WalkPh00
449,Chris Evans,CIN,25,RB,12,0,4,3,38,12.7,1,2,26,0.3,3.2,75.00%,9.5,,,0,0,,,,,3,12.7,38,1,,EvanCh02
450,Mike Thomas,CIN,28,WR,10,2,10,2,38,19,0,1,33,0.2,3.8,20.00%,3.8,,,0,0,,,,,2,19,38,0,,ThomMi04
451,Mitchell Trubisky,PIT,28,QB,7,5,,,,,0,0,,,,,,19,38,2,7,9,2,5.4,2.7,19,2,38,2,,TrubMi00
452,Dax Milne,WAS,23,WR,15,1,7,6,37,6.2,1,2,12,0.4,2.5,85.70%,5.3,,,0,0,,,,,6,6.2,37,1,1,MilnDa00
453,Colt McCoy,ARI,36,QB,4,3,,,,,0,0,,,,,,14,36,0,5,9,2.6,9,3.5,14,2.6,36,0,2,McCoCo00
454,Cole Beasley,2TM,33,,4,1,7,6,35,5.8,0,1,9,1.5,8.8,85.70%,5,,,0,0,,,,,6,5.8,35,0,,BeasCo00
455,Kendall Blanton,LAR,27,TE,4,0,2,2,35,17.5,0,1,28,0.5,8.8,100.00%,17.5,,,0,0,,,,,2,17.5,35,0,,BlanKe01
456,Sam Howell,WAS,22,QB,1,1,,,,,0,0,,,,,,5,35,1,4,10,7,35,5,5,7,35,1,,HoweSa00
457,Kene Nwangwu,MIN,24,RB,17,0,2,2,21,10.5,0,1,16,0.1,1.2,100.00%,10.5,9,14,0,1,8,1.6,0.8,0.5,11,3.2,35,0,,NwanKe00
458,Jimmy Garoppolo,SFO,31,QB,11,10,,,,,0,0,,,,,,23,33,2,12,6,1.4,3,2.1,23,1.4,33,2,3,GaroJi00
459,Larry Rountree,LAC,23,RB,4,0,2,2,14,7,0,1,13,0.5,3.5,100.00%,7,13,19,0,0,5,1.5,4.8,3.3,15,2.2,33,0,,RounLa00
460,Tylan Wallace,BAL,23,WR,9,0,7,4,33,8.3,0,1,12,0.4,3.7,57.10%,4.7,,,0,0,,,,,4,8.3,33,0,,WallTy00
461,Jonathan Ward,2TM,25,,8,0,3,2,7,3.5,0,1,4,0.3,0.9,66.70%,2.3,5,25,0,2,12,5,3.1,0.6,7,4.6,32,0,,WardJo00
462,Montrell Washington,DEN,23,WR,15,1,9,4,2,0.5,0,0,4,0.3,0.1,44.40%,0.2,5,30,0,0,19,6,2,0.3,9,3.6,32,0,5,WashMo00
463,Derek Watt,PIT,30,FB,17,3,5,5,11,2.2,1,1,5,0.3,0.6,100.00%,2.2,9,21,1,8,4,2.3,1.2,0.5,14,2.3,32,2,,WattDe00
464,John Wolford,LAR,27,QB,3,3,,,,,0,0,,,,,,8,32,0,2,14,4,10.7,2.7,8,4,32,0,3,WolfJo00
465,Tim Jones,JAX,24,WR,17,1,4,3,30,10,0,1,20,0.2,1.8,75.00%,7.5,,,0,0,,,,,3,10,30,0,,JoneTi00
466,Tyrie Cleveland,DEN,25,WR,6,0,7,2,28,14,0,1,16,0.3,4.7,28.60%,4,,,0,0,,,,,2,14,28,0,,ClevTy00
467,Jaelon Darden,2TM,23,,14,0,2,2,26,13,0,1,25,0.1,1.9,100.00%,13,1,2,0,0,2,2,0.1,0.1,3,9.3,28,0,,DardJa00
468,Kyle Rudolph,TAM,33,TE,9,0,5,3,28,9.3,1,2,12,0.3,3.1,60.00%,5.6,,,0,0,,,,,3,9.3,28,1,,RudoKy00
469,Giovani Bernard,TAM,31,RB,8,0,2,2,-1,-0.5,0,0,6,0.3,-0.1,100.00%,-0.5,8,28,0,0,8,3.5,3.5,1,10,2.7,27,0,1,BernGi00
470,Teddy Bridgewater,MIA,30,QB,5,2,,,,,0,0,,,,,,3,27,0,2,11,9,5.4,0.6,3,9,27,0,,BridTe00
471,Tyler Davis,GNB,25,TE,17,1,7,4,26,6.5,0,1,23,0.2,1.5,57.10%,3.7,,,0,0,,,,,4,6.5,26,0,,DaviTy02
472,Ben Ellefson,MIN,26,TE,4,1,3,3,26,8.7,0,2,12,0.8,6.5,100.00%,8.7,,,0,0,,,,,3,8.7,26,0,,ElleBe00
473,Ryan Griffin,CHI,32,TE,15,0,8,4,26,6.5,0,1,18,0.3,1.7,50.00%,3.3,,,0,0,,,,,4,6.5,26,0,,GrifRy00
474,DJ Turner,LVR,25,WR,9,0,1,0,0,,0,0,0,0,0,0.00%,0,4,26,0,1,18,6.5,2.9,0.4,4,6.5,26,0,1,TurnDJ00
475,KaVontae Turpin,DAL,26,WR,17,0,2,1,9,9,0,0,9,0.1,0.5,50.00%,4.5,3,17,0,1,11,5.7,1,0.2,4,6.5,26,0,3,TurpKa00
476,Trevon Wesco,CHI,27,TE,14,1,4,2,26,13,0,1,23,0.1,1.9,50.00%,6.5,,,0,0,,,,,2,13,26,0,,WescTr00
477,Daylen Baldwin,CLE,23,WR,1,0,2,2,25,12.5,0,2,15,2,25,100.00%,12.5,,,0,0,,,,,2,12.5,25,0,,BaldDa01
478,Tyler Badie,DEN,22,RB,1,0,1,1,24,24,1,1,24,1,24,100.00%,24,1,0,0,0,0,0,0,1,2,12,24,1,,BadiTy00
479,Simi Fehoko,DAL,25,WR,5,0,4,3,24,8,0,1,12,0.6,4.8,75.00%,6,,,0,0,,,,,3,8,24,0,,FehoSi00
480,D'Ernest Johnson,CLE,26,RB,15,0,3,3,7,2.3,0,0,7,0.2,0.5,100.00%,2.3,4,17,0,1,7,4.3,1.1,0.3,7,3.4,24,0,,JohnDE04
481,Dezmon Patmon,IND,24,WR,1,0,6,2,24,12,0,1,17,2,24,33.30%,4,,,0,0,,,,,2,12,24,0,,PatmDe00
482,Dareke Young,SEA,23,WR,13,0,2,2,24,12,0,2,12,0.2,1.8,100.00%,12,,,0,0,,,,,2,12,24,0,,YounDa02
483,Cole Turner,WAS,22,TE,10,2,9,2,23,11.5,0,1,18,0.2,2.3,22.20%,2.6,,,0,0,,,,,2,11.5,23,0,,TurnCo00
484,Mike Davis,BAL,29,RB,8,0,2,2,4,2,0,0,7,0.3,0.5,100.00%,2,8,18,0,1,10,2.3,2.3,1,10,2.2,22,0,1,DaviMi01
485,Andy Isabella,2TM,26,,5,0,5,2,21,10.5,0,2,11,0.4,4.2,40.00%,4.2,1,1,0,0,1,1,0.2,0.2,3,7.3,22,0,,IsabAn00
486,Pharoh Cooper,ARI,27,WR,5,1,2,2,6,3,0,0,3,0.4,1.2,100.00%,3,4,15,0,0,6,3.8,3,0.8,6,3.5,21,0,,CoopPh00
487,Cade Johnson,SEA,24,WR,3,0,4,2,21,10.5,0,2,11,0.7,7,50.00%,5.3,,,0,0,,,,,2,10.5,21,0,,JohnCa03
488,Skylar Thompson,MIA,25,QB,7,2,,,,,0,0,,,,,,14,21,0,1,9,1.5,3,2,14,1.5,21,0,2,ThomSk00
489,Blake Bell,KAN,31,TE,3,1,2,2,20,10,1,1,17,0.7,6.7,100.00%,10,,,0,0,,,,,2,10,20,1,,BellBl00
490,Ty Chandler,MIN,24,RB,3,0,,,,,0,0,,,,,,6,20,0,1,10,3.3,6.7,2,6,3.3,20,0,,ChanTy01
491,Keke Coutee,IND,25,WR,8,0,1,1,20,20,0,0,20,0.1,2.5,100.00%,20,,,0,0,,,,,1,20,20,0,4,CoutKe00
492,Penny Hart,SEA,26,WR,9,0,4,3,20,6.7,0,1,15,0.3,2.2,75.00%,5,,,0,0,,,,,3,6.7,20,0,,HartPe01
493,Lil'Jordan Humphrey,NWE,24,WR,6,2,4,2,20,10,0,0,11,0.3,3.3,50.00%,5,,,0,0,,,,,2,10,20,0,,HumpLi01
494,Danny Gray,SFO,23,WR,13,0,7,1,10,10,0,1,10,0.1,0.8,14.30%,1.4,1,9,0,0,9,9,0.7,0.1,2,9.5,19,0,,GrayDa02
495,Troy Hairston,HOU,24,FB,16,5,8,5,19,3.8,0,0,7,0.3,1.2,62.50%,2.4,,,0,0,,,,,5,3.8,19,0,,HairTr00
496,Jesper Horsted,LVR,25,TE,15,0,4,3,19,6.3,0,0,9,0.2,1.3,75.00%,4.8,,,0,0,,,,,3,6.3,19,0,,HorsJe00
497,Trey Sermon,PHI,23,RB,2,0,,,,,0,0,,,,,,2,19,0,2,14,9.5,9.5,1,2,9.5,19,0,,SermTr00
498,Michael Burton,KAN,30,FB,17,0,3,2,11,5.5,0,0,9,0.1,0.6,66.70%,3.7,5,7,0,2,6,1.4,0.4,0.3,7,2.6,18,0,,BurtMi00
499,Keith Kirkwood,NOR,28,WR,5,1,4,2,18,9,0,1,14,0.4,3.6,50.00%,4.5,,,0,0,,,,,2,9,18,0,,KirkKe00
500,Adam Prentice,NOR,25,FB,11,2,3,3,9,3,0,1,4,0.3,0.8,100.00%,3,4,9,0,3,3,2.3,0.8,0.4,7,2.6,18,0,1,PrenAd00
501,Maxx Williams,ARI,28,TE,11,1,3,3,18,6,0,0,7,0.3,1.6,100.00%,6,,,0,0,,,,,3,6,18,0,,WillMa04
502,Braylon Sanders,MIA,23,WR,3,0,3,2,17,8.5,0,0,13,0.7,5.7,66.70%,5.7,,,0,0,,,,,2,8.5,17,0,1,SandBr00
503,Stone Smartt,LAC,24,TE,7,1,5,4,17,4.3,0,1,8,0.6,2.4,80.00%,3.4,,,0,0,,,,,4,4.3,17,0,,SmarSt00
504,J.J. Taylor,NWE,24,RB,1,0,1,1,8,8,0,0,8,1,8,100.00%,8,10,9,0,0,5,0.9,9,10,11,1.5,17,0,,TaylJJ01
505,Juwann Winfree,GNB,26,WR,3,0,4,1,17,17,0,1,17,0.3,5.7,25.00%,4.3,,,0,0,,,,,1,17,17,0,,WinfJu00
506,Zander Horvath,LAC,24,FB,15,2,8,5,8,1.6,2,2,5,0.3,0.5,62.50%,1,4,8,0,2,3,2,0.5,0.3,9,1.8,16,2,,HorvZa00
507,Dennis Houston,DAL,23,WR,2,0,6,2,16,8,0,0,11,1,8,33.30%,2.7,,,0,0,,,,,2,8,16,0,,HousDe01
508,Jameis Winston,NOR,28,QB,3,3,,,,,0,0,,,,,,5,16,0,0,6,3.2,5.3,1.7,5,3.2,16,0,3,WinsJa00
509,Quintez Cephus,DET,24,WR,4,1,3,2,15,7.5,0,1,9,0.5,3.8,66.70%,5,,,0,0,,,,,2,7.5,15,0,,CephQu00
510,Frank Darby,ATL,25,WR,5,0,1,1,15,15,0,1,15,0.2,3,100.00%,15,,,0,0,,,,,1,15,15,0,,DarbFr00
511,Bryan Edwards,ATL,24,WR,7,1,5,3,15,5,0,0,10,0.4,2.1,60.00%,3,,,0,0,,,,,3,5,15,0,,EdwaBr01
512,Ihmir Smith-Marsette,2TM,23,,8,0,4,1,15,15,0,0,15,0.1,1.9,25.00%,3.8,1,-1,0,0,0,-1,-0.1,0.1,2,7,14,0,1,SmitIh00
513,Nsimba Webster,CHI,26,WR,2,0,3,2,14,7,0,1,8,1,7,66.70%,4.7,,,0,0,,,,,2,7,14,0,1,WebsNs00
514,Kyle Allen,HOU,26,QB,2,2,,,,,0,0,,,,,,6,13,0,2,5,2.2,6.5,3,6,2.2,13,0,4,AlleKy00
515,Deonte Harty,NOR,25,WR,4,0,2,2,13,6.5,0,0,9,0.5,3.3,100.00%,6.5,,,0,0,,,,,2,6.5,13,0,1,HarrDe07
516,Ty Montgomery,NWE,29,WR,1,0,4,3,15,5,1,1,7,3,15,75.00%,3.8,2,-2,0,0,0,-1,-2,2,5,2.6,13,1,,MontTy01
517,Brock Purdy,SFO,23,QB,9,5,,,,,0,0,,,,,,22,13,1,5,13,0.6,1.4,2.4,22,0.6,13,1,,PurdBr00
518,Austin Trammell,LAR,24,WR,6,0,4,2,13,6.5,0,1,8,0.3,2.2,50.00%,3.3,,,0,0,,,,,2,6.5,13,0,,TramAu00
519,Jerome Ford,CLE,23,RB,13,0,,,,,0,0,,,,,,8,12,0,1,9,1.5,0.9,0.6,8,1.5,12,0,,FordJe00
520,Jake Gervase,LAR,27,LB,14,0,1,1,12,12,0,1,12,0.1,0.9,100.00%,12,,,0,0,,,,,1,12,12,0,,GervJa00
521,Jalen Tolbert,DAL,23,WR,8,1,3,2,12,6,0,0,8,0.3,1.5,66.70%,4,,,0,0,,,,,2,6,12,0,,TolbJa00
522,Miles Boykin,PIT,26,WR,16,1,3,2,11,5.5,0,1,11,0.1,0.7,66.70%,3.7,,,0,0,,,,,2,5.5,11,0,,BoykMi00
523,Sean McKeon,DAL,25,TE,13,0,3,2,11,5.5,0,1,10,0.2,0.8,66.70%,3.7,,,0,0,,,,,2,5.5,11,0,,McKeSe01
524,Jakob Johnson,LVR,28,FB,17,9,6,5,10,2,0,0,5,0.3,0.6,83.30%,1.7,,,0,0,,,,,5,2,10,0,,JohnJa12
525,Keith Smith,ATL,30,FB,17,6,2,1,8,8,0,0,8,0.1,0.5,50.00%,4,1,2,0,1,2,2,0.1,0.1,2,5,10,0,,SmitKe03
526,Stephen Anderson,ARI,29,TE,16,0,7,3,9,3,0,0,6,0.2,0.6,42.90%,1.3,,,0,0,,,,,3,3,9,0,,AndeSt01
527,Jason Cabinda,DET,26,FB,8,2,4,1,5,5,0,1,5,0.1,0.6,25.00%,1.3,1,4,0,1,4,4,0.5,0.1,2,4.5,9,0,,CabiJa00
528,Penei Sewell,DET,22,T,17,17,1,1,9,9,0,1,9,0.1,0.5,100.00%,9,,,0,0,,,,,1,9,9,0,,SewePe00
529,Matthew Stafford,LAR,34,QB,9,9,,,,,0,0,,,,,,13,9,1,3,4,0.7,1,1.4,13,0.7,9,1,5,StafMa00
530,Mike White,NYJ,27,QB,4,4,,,,,0,0,,,,,,6,9,1,3,4,1.5,2.3,1.5,6,1.5,9,1,2,WhitMi01
531,Reggie Bonnafon,WAS,26,RB,1,0,,,,,0,0,,,,,,3,8,0,0,5,2.7,8,3,3,2.7,8,0,,BonnRe00
532,Nick Foles,IND,33,QB,3,2,,,,,0,0,,,,,,2,8,0,0,8,4,2.7,0.7,2,4,8,0,,FoleNi00
533,Tyron Johnson,2TM,26,WR,4,1,1,1,8,8,0,0,8,0.3,2,100.00%,8,,,0,0,,,,,1,8,8,0,,JohnTy03
534,Nick Mullens,MIN,27,QB,4,0,,,,,0,0,,,,,,4,8,0,1,4,2,2,1,4,2,8,0,,MullNi00
535,Jeremy Ruckert,NYJ,22,TE,9,0,2,1,8,8,0,0,8,0.1,0.9,50.00%,4,,,0,0,,,,,1,8,8,0,,RuckJe00
536,Trevor Siemian,CHI,31,QB,2,1,,,,,0,0,,,,,,4,8,0,1,6,2,4,2,4,2,8,0,,SiemTr00
537,Maurice Alexander,DET,25,WR,4,0,1,1,7,7,0,0,7,0.3,1.8,100.00%,7,,,0,0,,,,,1,7,7,0,,AlexMa02
538,Jalen Camp,HOU,24,WR,2,0,1,1,7,7,0,1,7,0.5,3.5,100.00%,7,,,0,0,,,,,1,7,7,0,,CampJa03
539,Kylin Hill,GNB,24,RB,2,0,,,,,0,0,,,,,,1,7,0,1,7,7,3.5,0.5,1,7,7,0,,HillKy00
540,Godwin Igwebuike,SEA,28,RB,5,0,1,1,3,3,0,0,3,0.2,0.6,100.00%,3,3,4,0,0,4,1.3,0.8,0.6,4,1.8,7,0,,IgweGo00
541,Tyler Mabry,SEA,26,TE,2,0,1,1,7,7,1,1,7,0.5,3.5,100.00%,7,,,0,0,,,,,1,7,7,1,,MabrTy00
542,Devine Ozigbo,DEN,26,RB,4,0,1,1,3,3,0,0,3,0.3,0.8,100.00%,3,3,4,0,0,4,1.3,1,0.8,4,1.8,7,0,,OzigDe01
543,Nathan Peterman,CHI,28,QB,3,1,,,,,0,0,,,,,,2,7,0,0,6,3.5,2.3,0.7,2,3.5,7,0,,PeteNa00
544,Brett Rypien,DEN,26,QB,4,2,,,,,0,0,,,,,,6,7,0,2,6,1.2,1.8,1.5,6,1.2,7,0,4,RypiBr00
545,Tommy Sweeney,BUF,27,TE,5,0,1,1,7,7,0,1,7,0.2,1.4,100.00%,7,,,0,0,,,,,1,7,7,0,,SweeTo00
546,C.J. Board,TEN,29,WR,4,0,1,1,6,6,0,0,6,0.3,1.5,100.00%,6,,,0,0,,,,,1,6,6,0,1,BoarC.00
547,Jacob Harris,LAR,25,WR,7,0,1,1,6,6,0,1,6,0.1,0.9,100.00%,6,,,0,0,,,,,1,6,6,0,,HarrJa03
548,Cooper Rush,DAL,29,QB,9,5,,,,,0,0,,,,,,9,6,0,1,6,0.7,0.7,1,9,0.7,6,0,2,RushCo00
549,Mason Schreck,HOU,29,TE,3,1,2,2,6,3,0,0,6,0.7,2,100.00%,3,,,0,0,,,,,2,3,6,0,,SchrMa00
550,Devin Asiasi,CIN,25,TE,12,0,4,2,5,2.5,0,0,6,0.2,0.4,50.00%,1.3,,,0,0,,,,,2,2.5,5,0,,AsiaDe00
551,David Blough,ARI,27,QB,2,2,,,,,0,0,,,,,,4,5,0,0,4,1.3,2.5,2,4,1.3,5,0,1,BlouDa00
552,Jason Moore,LAC,27,WR,6,0,2,1,5,5,0,0,5,0.2,0.8,50.00%,2.5,,,0,0,,,,,1,5,5,0,,MoorJa02
553,Ty'Son Williams,ARI,26,RB,1,0,1,1,5,5,0,0,5,1,5,100.00%,5,,,0,0,,,,,1,5,5,0,,WillTy01
554,Marcus Allen,PIT,26,LB,15,0,,,,,0,0,,,,,,1,4,0,1,4,4,0.3,0.1,1,4,4,0,,AlleMa03
555,Chase Daniel,LAC,36,QB,4,0,,,,,0,0,,,,,,1,4,0,0,4,4,1,0.3,1,4,4,0,,DaniCh00
556,Demetric Felton,CLE,24,RB,8,2,4,2,8,4,0,0,5,0.3,1,50.00%,2,1,-4,0,0,-4,-4,-0.5,0.1,3,1.3,4,0,1,FeltDe00
557,Kamu Grugier-Hill,2TM,28,LB/OLB,15,6,1,1,4,4,0,1,4,0.1,0.3,100.00%,4,,,0,0,,,,,1,4,4,0,,GrugKa00
558,Duke Johnson,BUF,29,RB,1,0,,,,,0,0,,,,,,2,4,0,1,4,2,4,2,2,2,4,0,,JohnDu00
559,Richard Rodgers,LAC,30,TE,10,1,4,1,4,4,0,0,4,0.1,0.4,25.00%,1,,,0,0,,,,,1,4,4,0,,RodgRi00
560,Nick Bellore,SEA,33,LB,16,0,,,,,0,0,,,,,,1,3,0,0,3,3,0.2,0.1,1,3,3,0,,BellNi01
561,Erik Ezukanma,MIA,22,WR,1,0,1,1,3,3,0,0,3,1,3,100.00%,3,,,0,0,,,,,1,3,3,0,,EzukEr00
562,Joe Flacco,NYJ,37,QB,5,4,0,0,-3,,0,0,0,0,-0.6,0.00%,,3,6,0,1,7,2,1.2,0.6,3,1,3,0,5,FlacJo00
563,Josh Johnson,SFO,36,QB,2,0,,,,,0,0,,,,,,2,3,0,0,4,1.5,1.5,1,2,1.5,3,0,,JohnJo05
564,Mason Kinsey,TEN,24,WR,2,0,1,1,3,3,0,0,3,0.5,1.5,100.00%,3,,,0,0,,,,,1,3,3,0,1,KinsMa00
565,Gardner Minshew II,PHI,26,QB,5,2,,,,,0,0,,,,,,7,3,1,1,3,0.4,0.6,1.4,7,0.4,3,1,4,MinsGa00
566,M.J. Stewart,HOU,27,DB,17,0,,,,,0,0,,,,,,1,3,0,1,3,3,0.2,0.1,1,3,3,0,,StewM.00
567,Sean Chandler,CAR,26,S,17,0,,,,,0,0,,,,,,1,2,0,1,2,2,0.1,0.1,1,2,2,0,,ChanSe00
568,Ashtyn Davis,NYJ,26,S,14,0,,,,,0,0,,,,,,1,2,0,1,2,2,0.1,0.1,1,2,2,0,,DaviAs00
569,Cody White,PIT,24,WR,1,1,1,1,2,2,0,0,2,1,2,100.00%,2,,,0,0,,,,,1,2,2,0,,WhitCo05
570,Damien Williams,ATL,30,RB,1,1,,,,,0,0,,,,,,2,2,0,0,2,1,2,2,2,1,2,0,,WillDa05
571,Jordan Howard,NOR,28,RB,2,0,,,,,0,0,,,,,,1,1,0,0,1,1,0.5,0.5,1,1,1,0,,HowaJo00